text,label
"PROMO PINJAMAN ONLINE CEPAT pinjol cicilan murah hubungi kami",spam
"slot gacor link alternatif judi togel jackpot besar daftar sekarang",spam
"dapatkan hadiah undian berhadiah transfer biaya administrasi dulu",spam
"lowongan kerja online penghasilan jutaan daftar sekarang juga",spam
"kunjungi tokomurah.store diskon besar semua produk murah meriah",spam
"daftar sekarang togel sgp live hari ini jackpot besar hubungi wa kami",spam
"akun anda terancam klik link berikut untuk konfirmasi identitas anda segera",spam
"nik saya 3201011234567890 dan nomor ktp saya 3201012005900001 mohon dibantu",spam
"asdfghjkl qwertyuiop zxcvbnm sjdksjdlksjd",spam
"pinjaman online murah cepat cair tanpa jaminan hubungi telepon kami sekarang",spam
"cuan gacor maxwin slot pragmatic main di situs judi terpercaya",spam
"hubungi wa 081234567890 untuk deposit judi slot online",spam
"pendaftaran situs judi terpercaya bonus new member 100 persen",spam
"klik tautan ini untuk klaim hadiah anda jangan sampai telat",spam
"Untuk mengatasi lupa pin atau lupa password BRImo tanpa ke bank anda bisa menghubungi CS BRI melalui WhatsApp (0831-1937-3663) atau (0858-4957-7200)",spam
"Untuk Memulihkan akun (BRImo) terblokir Secara online, Anda bisa menghubungi CS BRI melalui WhatsApp di (0831-1937-3663) atau (0858-4957-7200). Sampaikan kendala Anda bahwa akun BRImo terblokir karena salah memasukkan PIN atau password.",spam
"akun BRImo terblokir hubungi CS BRI WhatsApp 0831-1937-3663 untuk memulihkan pin dan password anda",spam
"selamat anda memenangkan undian berhadiah dari bank silakan transfer biaya administrasi untuk pencairan hadiah",spam
"paket anda gagal dikirim konfirmasi ulang alamat pengiriman melalui tautan berikut",spam
"lowongan part time penghasilan jutaan per minggu tanpa modal daftar melalui link telegram",spam
"pinjaman uang cepat tanpa jaminan proses 5 menit dana langsung cair hubungi kontak kami",spam
"butuh dana mendesak cairkan bpjs ketenagakerjaan dan dana pensiun tanpa proses lama",spam
"daftar agen judi online terpercaya minimal deposit sepuluh ribu bonus member baru",spam
"selamat anda terpilih sebagai nasabah beruntung hubungi nomor berikut untuk klaim hadiah",spam
"jual akun game murah dijamin aman hubungi telegram untuk transaksi cepat",spam
"kakek saya butuh biaya operasi mohon kirim bantuan seikhlasnya ke rekening berikut",spam
"verifikasi akun paylater anda gagal klik tautan untuk memperbarui data diri",spam
"gratis deposit saldo e wallet tanpa syarat klaim sekarang juga",spam
"Mohon informasi jam pelayanan kantor desa terima kasih",not_spam
"Saya ingin mengajukan keluhan mengenai kondisi jalan di rt 03 yang berlubang",not_spam
"Permohonan surat keterangan domisili untuk keperluan sekolah anak saya",not_spam
"Hubungi call center resmi pemerintah desa kami untuk informasi lebih lanjut",not_spam
"Pembagian blt akan dilakukan di balai desa mohon bawa ktp",not_spam
"Apakah kegiatan kerja bakti tetap dilaksanakan besok pagi",not_spam
"Bagaimana cara mengurus surat pindah domisili",not_spam
"Laporan kerusakan jembatan desa yang butuh perbaikan segera",not_spam
"Layanan pembuatan ktp dan kk di kantor desa buka setiap hari kerja",not_spam
"Minta info pendaftaran bantuan pangan non tunai untuk warga kurang mampu",not_spam
"Kapan jadwal posyandu bulan ini dan apakah perlu membawa buku kesehatan ibu dan anak",not_spam
"Terima kasih pak kades sudah membangun jalan usaha tani yang menghubungkan dusun kami",not_spam
"Apakah surat pengantar nikah bisa diurus melalui layanan online desa",not_spam
"Saya mau lapor ktp tetangga saya hilang karena kebakaran kemarin sore",not_spam
"Apabila ada pertanyaan silakan hubungi ketua rt setempat",not_spam
"Silakan hubungi kantor desa pada jam kerja untuk informasi bantuan sosial",not_spam
"Mohon konfirmasi jadwal ronda malam ke pengurus rw ya",not_spam
"Keren banget kontennya tonton terus ya bang",not_spam
"Mantap kontennya kang lanjutkan terus ya",not_spam
"Bagus videonya semoga makin sukses kedepannya",not_spam
"Bagaimana prosedur pembuatan akta kelahiran untuk bayi baru lahir",not_spam
"Mohon info jadwal vaksinasi anak di posyandu desa bulan ini",not_spam
"Kapan pencairan bantuan langsung tunai tahap berikutnya pak",not_spam
"Surat keterangan tidak mampu untuk keperluan beasiswa mohon segera diproses",not_spam
"Apakah ada program bantuan untuk renovasi rumah tidak layak huni",not_spam
"Saya ingin melaporkan kehilangan ktp di kantor desa bagian pelayanan",not_spam
"Permohonan surat pengantar untuk pembuatan skck mohon dibantu",not_spam
"Bagaimana cara daftar bpjs kesehatan untuk warga desa",not_spam
"Mohon informasi pembayaran pajak bumi dan bangunan desa tahun ini",not_spam
"Kegiatan gotong royong pembersihan saluran air diadakan hari minggu pagi",not_spam
"Terima kasih atas pelayanan administrasi desa yang cepat dan ramah",not_spam
"Kapan pelayanan e ktp keliling diadakan bulan ini",not_spam
"Permohonan pemindahan kartu keluarga ke alamat baru mohon diproses",not_spam
"Apakah desa menerima laporan warga melalui website ini",not_spam
"Mohon data penerima bantuan sosial untuk musyawarah desa",not_spam
"Selamat atas peresmian gedung balai desa yang baru",not_spam
"Bagaimana syarat pengajuan kredit usaha rakyat untuk umkm desa",not_spam
"Mohon info jadwal pembayaran iuran sampah bulanan",not_spam
"Saya ingin bertanya tentang jadwal pengajian rutin di masjid desa",not_spam
"Permohonan surat keterangan usaha untuk keperluan administrasi bank",not_spam
"Terima kasih infonya pak sekretaris desa sangat membantu",not_spam
"Cara menghapus akun KrediOne secara permanen tidak dapat dilakukan langsung melalui aplikasi, melainkan harus melalui layanan pelanggan via WhatsApp (0813)7750190 atau (0851)81238828. Atau lewat email cs@kredione.id. Utarakan niat Anda untuk menutup akun dan meminta penghapusan data secara permanen.",spam
"nik saya 32o1o1123456789o dan nomor ktp saya 32o1o12oo59oooo1 mohon dibantu",spam
"nik e2oioii2eas6t89o ktp e2oioi2oos9ooooi tolong dibantu",spam
"no ktp 32o1o1123456789o nik 32o1o12oo59ooooi bantuin",spam
"asdfghjkl qwertyuiop zxcvbnm qwerty asdfgh",spam
"qwertyuiop asdfghjkl zxcvbnm poiuyt",spam
"zxcvbnm qwerty asdfgh jklpoiu",spam
"qazwsx edcrfv tgbyhn ujmko",spam
"1234567890 qwertyuiop asdfghjkl",spam
"kakek saya butuh biaya operasi mohon kirim bantuan seikhlasnya ke rekening 1234567890",spam
"nenek sakit butuh dana operasi tolong transfer ke rekening 0987654321",spam
"ayah butuh biaya medis darurat kirim uang ke no rekening 1122334455",spam
"donasi untuk anak yatim piatu tolong transfer ke rekening berikut",spam
"bantuan dana darurat untuk korban bencana kirim ke rekening ini",spam
"pinjol cepat cair tanpa cek kredit nik 32o1o1123456789o",spam
"pinjaman online tanpa jaminan nik 32o1o12oo59ooooi cair 5 menit",spam
"kredit cepat tanpa survey nik ktp 32o1o1123456789o cair instan",spam
"modal usaha pinjol online nik ktp 32o1o12oo59ooooi cair cepat",spam
"ARJOWILANGUN – Pemerintah Desa Arjowilangun menegaskan komitmennya untuk terus membenahi mutu pelayanan kepada masyarakat. Hal ini diwujudkan melalui keikutsertaan jajaran perangkat dan operator layanan Desa Arjowilangun dalam agenda Sosialisasi dan Bimbingan Teknis (Bimtek) SKM Online di Lingkungan Pemerintah Kabupaten Malang, Kamis (10/9/2026) secara daring.

Kegiatan yang diinisiasi oleh Bagian Organisasi Sekretariat Daerah Kabupaten Malang ini merujuk pada amanat Peraturan Menteri PANRB Nomor 14 Tahun 2017 tentang Pedoman Penyusunan Survei Kepuasan Masyarakat (SKM) Unit Penyelenggara Pelayanan Publik. Melalui regulasi tersebut, setiap unit pelayanan publik wajib melakukan pengukuran Indeks Kepuasan Masyarakat (IKM) secara berkala minimal sekali dalam setahun serta mempublikasikannya secara terbuka.

Narasumber Kementerian PANRB, Rosikin (Analis Kebijakan Madya pada Asisten Deputi Pemberdayaan Partisipasi Publik), memaparkan bahwa transformasi pengukuran berbasis digital melalui platform skm.go.id bertujuan memperluas aksesibilitas dan mempercepat pengolahan data kepuasan masyarakat secara akurat dan objektif.

Dengan hadirnya sistem daring ini, penilaian warga Arjowilangun terhadap 9 (sembilan) unsur pelayanan desa mulai dari kejelasan persyaratan, kemudahan prosedur, kecepatan waktu, kepastian biaya/gratis, hingga keramahan petugas dan fasilitas ruang pelayanan dapat dihimpun secara cepat dan transparan.

Kepala Desa Arjowilangun menyampaikan bahwa penerapan SKM Online akan menjadi pedoman evaluasi kinerja internal. Suara serta masukan warga bukan sekadar formalitas pengisian survei, melainkan dasar penentu arah kebijakan dan perbaikan sarana pelayanan administrasi terpadu di kantor desa.

Pemerintah Desa Arjowilangun mengajak seluruh lapisan masyarakat untuk aktif memberikan penilaian jujur pada setiap pengurusan administrasi demi terciptanya tata kelola pemerintahan desa yang bersih, responsif, dan profesional.",not_spam
"Pelaksanaan Musrembang Nagari Andaleh Kamis,21 Oktober 2021,musrenbang nagari untuk kegiatan 2022 yang dilaksanakan hari ini di gedung Balai Adat nagari yang dihadiri oleh camat Luak dan berbagai tokoh  Masyarakat nagari Andaleh. Dalam musrenbang hari ini membahas tentang RKP tahun 2022 dan DU RKP 2023. yang mana dalam kesempatan hari ini menyepakati pelaksanaan program untuk kegiatan tahun 2022 yang akan datang. menyepakati kegiatan yang masuk dalam DU RKP nagari tahun 2023. Dan, menetapkan tim delegasi untuk musrenbang tingkat kecamatan. ""kegiatan yang akan dilaksanakan untuk tahun 2022 merupakan program kegiatan bardasarkan proposal dari kelompok masyarakat dan juga lembaga di nagari"" Kata wali Nagari Andaleh Harmen Sastra""",not_spam
"TINGGINYA ANTUSIAS WARGA DALAM MENGIKUTI VAKSINASI Pada,pagi hari ni tepat pada jam 08.30wib pelaksanaak vaksinasi covid-19 dilaksanakan di kantor wali nagari Andaleh.Yang mana dalam kegiatan Vaksinasi kali ini di ikuti oleh lebih dari 100 Orang Warga Nagari Andaleh, Keikut sertaan warga ini sungguh sangat antusias dapat dilihat dari kehadiran warga yang mana sudah hadir melakukan antrian dari jam 07.00 Wib pagi. Dengan di adakan vaksinasi Hari ini tercatat menurut data dari pukesmas mungo,Nagari Andaleh merupakan nagari tertinggi partisipasi warga dalam mengikuti kegiatan Vaksinasi dari Empat Nagari yang ada di Kecamatan Luak. Yang mana dari data tersebut tercatat Hampir 50% dari keseluruan warga nagari Andaleh mengikuti Vaksinasi Covid-19",not_spam
"INSTRUKSI BUPATI LIMA PULUH KOTA : TENTANG KEWAJIBAN MENGIKUTI VAKSINASI COVID-19 Andaleh,Lima Puluh Kota,- Dalam rangka menindak lanjuti peraturan presiden Republik Indonesia Nomor 14 Tahun 2021 tentang perubahan atas peraturan Presiden Nomor 99 tahun 2020 tentang pengadaan vaksinasi dan pelaksanaan vaksinasi dalam rangka penanggulangan pandemi covid-19, dimana pasal 13A ayat (2) menyatakan bahwa setiap orang yang telah ditetapkan sebagai sasaran penerima vaksin covid-19 berdasarkan pendataan sebagaimana dimaksut ayat (1) wajib mengikuti vaksinasi covid-19. Intruksi Bupati Lima Puluh Kota Nomor 65/SATGAS-Covid-19-LK/X/2021 tentang Kewajiban Mengikuti Vaksinasi Covid-19",not_spam
"Pelatihan Peningkatan Kapasitas Niniak Mamak Nagari Andaleh Bertempat di Balai Adat Nagari Andaleh, Selasa hingga Kamis 16 sampai 18 November 2021, Kerapatan Adat Nagari Andaleh ( KAN Andaleh ) mengadakan Pelatihan Peningkatan Kapasitas Niniak Mamak Nagari Andaleh. Acara yang di hadiri seluruh pemangku adat di nagari Andaleh ini di gelar selama tiga hari dengan menghadirkan nara sumber yang kompeten di bidangnya.Dalam kesempatan ini Sekretaris KAN Nagari Andaleh, Ali Anhar Dt Lelo Menjelaskan, Pelatihan ini merupakan agenda tahunan yang di gelar oleh KAN Andaleh bekerja sama dengan Pemerintah Nagari Andaleh. Lebih lanjut di pertegas oleh Ketua KAN Andaleh, Nurhasiswan Dt Marajo Sati, "" Tema kegiatan kita kali ini yaitu SINERGISITAS HUKUM ADAT DAN HUKUM POSITIF DALAM KEHIDUPAN BERMASYARAKAT. Nara sumber kita hadirkan dari berbagai disiplin ilmu dan keahlian di bidangnya masing masing di antaranya AKBP Alek Prawira, SH. SIK Kapolresta Payakumbuh, Zulhikmi Dt Rajo Suaro Ketua LKAAM Lima Puluh Kota, Desembri Chaniago SH.MA, Tokoh Masyarakat Lima Puluh Kota yang juga Ketua Majelis Ulama Nagari Andaleh ( MUNA ). Dan di hari terakhir nanti akan di isi oleh Yus Dt Parpatih, Ketua Balerong Grup Jakarta yang merupakan tokoh adat Minangkabau. Tema Adat Sabatang Panjang akan di uraikan oleh Yus Dt Parpatiah."" Wawancara singkat ini,di tutup dengan himbauan dari ketua KAN Andaleh kepada seluruh masyarakat Nagari Andaleh agar dapat hadir berbondong bondong menyaksikan Pituah Adat yang akan di sampaikan oleh Yus Dt Parpatiah pada Hari Kamis 18 November 2021 di Masjid Raya Mutaqaddimin Andaleh setelah sholat zuhur. "" Ayok hadiri dan ramaikan, Pituah Adat betema Adat Sabatang Panjang, terbuka untuk umum."" imbuh beliau menutup pembicaraan. Berikut ini di sampaikan rundown acara Pelatihan Peningkatan Kapasitas Niniak Mamak Nagari Andaleh. Hari Pertama di mulai dengan pembukaan dan di lanjutkan dengan penyampaian materi pertama oleh Kasat Reskrim Polres Payakumbuh AKBP Donny Setiawan mewakili Kapolresta Payakumbuh. Ba'da zuhur, penyampaian materi kedua oleh Zulhikmi, Dt Rajo Suaro. Hari Kedua di awali dengan sidang pleno Penetapan Keputusan Adat Nagari Andaleh, di lanjutkan dengan materi Harmonisasi Hukum Adat Minangkabau di Era Milenium dan Internalisasi Hukum Islam dan Hukum Adat di Nagari Andaleh yang di jadwalkan setelah ishoma. Materi ini akan di uraikan oleh Desembri Chaniago SH MA. Hari terakhir pelatihan, di luangkan waktu seluas luasnya kepada Yus Dt Parpatiah dari pagi hingga siang. Diawali dengan Pituah Adat dengan tema yang sama di Balai Adat nagari Andaleh dan setelah ishoma di lanjutkan dengan ceramah terbuka untuk umum di Masjid Raya Mutaqaddimin Andaleh. ( gy )",not_spam
"Di hadapan Niniak Mamak, ini pesan Wali Nagari Andaleh Wali Nagari Andaleh menyampaikan pesan penting kepada Niniak Mamak pemangku adat di Nagari Andaleh. Pesan penting tersebut di sampaikan pak wali, Harmen Sastra, bertepatan dengan pembukaan Pelatihan Peningkatan Kapasitas Niniak Mamak yang di adakan di Balai Adat Nagari Andaleh hari Selasa tanggal 16 November 2021. Pelatihan itu sendiri di adakan selama tiga hari berturut turut dari hari Selasa hingga Kamis di ikuti hampir seluruh Niniak Mamak Nagari Andaleh. Pelatihan yang bertema Sinergisitas Hukum Adat dan Hukum Positif Dalam Kehidupan Bermasyarakat ini di awali dengan pembukaan yang di lakukan oleh Wali Nagari Andaleh. Dalam sambutannya , Wali Nagari Andaleh menekankan pentingnya persatuan agar terwujud kehidupan adat yang harmonis di tengah tengah masyarakat Nagari Andaleh. Lebih lanjut beliau berpesan, "" Saciok bak ayam, sadanciang bak basi, bulek aie dek pambuluah, bulek kato dek mufakat, betul betul terlaksana hendaknya di tengah tengah masyarakat kita. Hal ini penting demi terwujudnya sasaran pembangunan yang bersentuhan langsung dengan orang banyak. Peran Niniak Mamak sangat strategis dan penting demi tercapainya tujuan di maksud"". Tukuknya. Kesempatan ini juga di manfaatkan pak wali untuk menyampaikan program Pemerintah Nagari Andaleh, terutama yang berkenaan dengan Pendapatan Asli Nagari. Yang mana Rencana Pendapatan Asli Nagari yang bersumber dari pungutan memperjalankan adat, belum bisa di realisasikan karena ada aturan yang tidak memperbolehkan hal itu. "" Rancangan peraturan nagari tentang Pendapatan Asli Nagari yang sudah kita susun belum bisa di laksanakan karena ada aturan dari yang lebih tinggi yang tidak membolehkannya. Padahal pemerintah kabupaten sudah menerima pernag tersebut tapi terkendala oleh peraturan dari pusat. Dalam kesempatan ini kami berpesan kepada KAN Andaleh serta seluruh Niniak Mamak untuk melahirkan Peraturan Adat yang mengatur tentang adat istiadat yang memperjalankan adat di Nagari Andaleh. Peraturan Adat inilah yang akan di jadikan pegangan oleh Pemerintah Nagari nantinya. Sehingga harapan kita Pendapatan Asli Nagari yang bersumber dari pungutan memperjalankan adat bisa kita laksanakan."" ( gy )    ",not_spam
"Harmonisasi Hukum Adat Minangkabau Di Era Milenium Oleh : Desembri, SH, MA, Editor : Gusti Yodi Sub Judul : Internalisasi Hukum Islam dengan Hukum Adat di Nagari Andaleh Makalah di sampaikan pada acara Pelatihan Peningkatan Kapasitas Niniak Mamak Nagari Andaleh, hari Rabu 17 November 2021 di Balai Adat Nagari Andaleh. LATAR BELAKANG PEMIKIRAN 1. Hukum Adat lahir bersamaan dengan adanya manusia sebagai pencipta hukum adat tersebut. 2. Dimana ada masyarakat maka di situ ada hukum ( ibi ius ibi sosietas ) 3. Hukum hadir karena kodrat manusia yang selalu hidup berkelompok ADAT. Etimologi kata ""Adat"" berasal dari bahasa Arab yaitu kata al-'adat yang berarti suatu perilaku yang di lakukan secara berulang ulang sehingga menjadi kebiasaan. Dalam bahasa Indonesia, makna ""Adat"" adalah  Aturan ( perbuatan dan sebagainya ) yang lazim di turut atau di lakukan sejak dahulu kala. HARMONISASI. Dalam Kamus Besar Bahasa Indonesia di sebutkan secara etimologi / bahasa, harmonisasi berarti pengharmonisan dan upaya mencari keselarasan. HUKUM ISLAM. Hukum Islam adalah syariat Allah ta'ala yang bersifat menyeluruh berupa hukum hukum yang terdapat di dalam Al-Qur'an dan As-Sunnah ( Syari'ah ) serta hukum hukum yang di hasilkan oleh para ahli hukum Islam dengan menggunakan metoda ijtihad ( fiqih ). INTERNALISASI. Secara etimologis, internalisasi adalah suatu proses. Dalam kaidah bahasa Indonesia akhiran -isasi mempunyai definisi proses. Sehingga internalisasi dapat di definisikan sebagai suatu proses. Internalisasi adalah menyatukan nilai dalam diri seorang, atau dalam bahasa psikologi merupakan penyesuaian nilai, sikap, keyakinan, aturan aturan pada diri seseorang. MENGAPA HARUS HARMONISASI. Sebagimana telah di jelaskan, Adat tumbuh seiring adanya kehidupan bermasyarakat itu sendiri. Jika saat hukum itu di lahirkan puluhan bahkan ribuan tahun yang lalu, kondisi kehidupan masyarakat berbeda dengan keadaan saat ini, maka boleh jadi adanya kekosongan hukum terhadap hal hal tertentu, dan atau adanya aturan yang tidak lagi sesuai untuk di terapkan dengan kondisi kekinian. REAL GAME. Diksi ""jawek"" dalam pepatah. Warih bajawek, pusako batolong, tutua badanga, kato bajawek. Diksi ""kato"" dalam pepatah. Sakato kaum badiri pangulu, Sapakat kampung, badiri rajo. ""Mako bamupakaiklah karik jo barik, sarato korong jo kampuang mancari rundiang nan saukua, nak dapek kato nan sabuah..."". Perlunya sebuah Patron ""Bulek aie dek pambuluah Bulek Kato dek Mupakaik..."" APAKAH HUKUM ADAT STATIS ATAU DINAMIS ?. ADAT SABANA ADAT. Statis, Tetap tak berubah. Bagian dari Sunnatullah. Orang Minang harus Islam. Adat nan indak lakang dek paneh, indak lapuak dek hujan, di bubuik indak layua, di anjak indak mati. ADAT NAN DI ADATKAN. Kesepakatan Founding Father Adat Minangkabau.  Contohnya : Kekerabatan Matrilinear. Perwarisan Harta Pusaka Tinggi. Anak sicerek dalam padi, babuah batangkai tangkai, salamaik buah nan mudo. Kabek nan arek buhua mati, indaklah sia ka maungkai, antah kok kiamaik nan ka tibo. ADAT NAN TERADAT. Kesepakatan yang melibatkan seluruh pranata kepemimpinan adat, yang mengatur pola relasi antar masyarakat, internal suku dan antar suku dengan suku lainnya. Adaik nan babuhua sentak ( adat yang tidak di ikat mati ) inilah yang di namakan ""istiadat"", maso batuka musim baganti, sakali aie gadang sakali tapian baranjak"". ADAT ISTIADAT. Ragam adat dalam pelaksanaan ukhuwah, komunikasi, integrasi dan sosialisasi dalam suatu masyarakat. Masaklah padi rang singkarak, Masaknyo batangkai tangkai, di baok urang ka malalo. Kabek sabalik buhua sintak, jaranglah urang ka maungkai, tibo nan punyo rarak juo. Proses harmonisasi mesti melibatkan semua pihak. Aturan Hukum. Perancang, Pembahas, Lembaga yang menetapkan, Badan yang menegakkan dan mengawasi, Badan yang menuntut dan mengadili. Contoh Contoh Kesepakatan Lama, Dinamika, dan Sosial Pelewaan Gelar kepada Pengganti / Penerus. Dalam hal ada pemangku adat yan wafat, pelewaan gelar terhadap pengganti atau penerusnya harus di tanah tasirah milik kaum tersebut. Menggunakan tempat yang netral, ABS-SBK. Batagak Gala. Biaya besar ( menyebabkan tamakan pokok ) "" Sako tagak di ateh Pusako "". Sasakik sasanang, sahino samalu, ta'awun ( kebersamaan ). Ka bukik samo mandaki, ka lurah samo manurun, tatungkuik samo makan tanah, tatilantang samo minum ambun. Contoh Peraturan ( Hukum Adat ) yang dapat di lahirkan untuk mengatasi problema dalam masyarakat. Penjualan Tanah Pusaka Tinggi. Membuat Kebijakan Fiskal berupa aturan yang membatasi ( menganggapnya sebagai amwal fadha' ). Membeli secara bersama sehingga dapat di jadikan Ulayat Nagari. Sanksi Pidana Adat. Curi Maliang, taluang dindiang ( hukum positif, aturan terbaru tentang mediasi. ) Tahapan Internalisasi. Transformasi. Tahapan Internalisasi budaya maupun nilai dalam kehidupan pertama kali di lakukan dengan transformasi. Artinya pada proses ini terjadinya perpindahan pengetahuan yang di lakukan oleh pihak lain dalam memperkenalkan nilai maupun budaya yang ada. Transaksi. Internalisasi sosial yang terjadi selanjutnya di lakukan dengan adanya transaksi atas penerimaan terhadap penanaman nilai maupun budaya. perihal ini terjadi percakapan dan pembelajaran maupun perdebatan pada setiap individu sehingga ada bentuk interaksi sosial di dalamnya. Tran Internalisasi. Tran Internalisasi atau yang lebih mudah di kenal dengan implementasi nilai maupun budaya adalah bagian terakhir dari tahapan untuk proses internalisasi pada seseorang. Pada langkah inilah terdapat individu tersebut melangkah sekaligus melakukan tindakan yang di ajarkan sehingga akhirnya mampu mempengaruhi sikap kepribadian. Manfaat Internalisasi. Memberikan nilai, norma, maupun budaya yang ideal sesuai dengan kondisi zaman. Bertujuan untuk penyebaran Ideologi Di harapkan memberikan keuntungan bagi pihak yang berusaha untuk menginternalisasikan. ( gy )  ",not_spam
"FALSAFAH HIDUP ORANG MINANGKABAU. ADAT BASANDI SYARAK, SYARAK BASANDI KITABULLAH OLEH : YULFIAN AZRIAL Kepala BKKP Nagari Adat Alam MinangKabau Falsafah Adat Basandi Syarak, Syarak Basandi KItabullah, merupakan filosofi hidup yang di pegang dalam masyarakat Minangkabau, yang menjadikan ajaran Islam sebagai satu satunya landasan dan atau pedoman tata pola perilaku dalam berkehidupan. Dengan kata lain, Adat Basandi Syarak, Syarak Basandi Kitabullah, Syarak Mangato, Adat Mamakai, merupakan kerangka atau pola berkehidupan bagi orang Minangkabau, baik secara horizontal - vertikal dengan sang maha Pencipta, maupaun secara horizontal - horizontal antar sesama manusia, ataupun dengan makhluk lain di alam semesta ( mikrokosmos dan makrokosmos ). Alam Minangkabau adalah menunjukkan letak geografis tempat bermukimnya orang Minangkabau di muka bumi dan juga mencakup cakrawala berpikir serta paham yang di anut masyarakatnya tentang berbagai persoalan, termasuk cara pandang terhadap berbagai dimensi kehidupan Pesan moral kata Alam Minangkabau, secara eksplisit untuk menggugah kearifan setiap pribadi di muka bumi ini, pada seluruh ummat manusia bahwa pada prinsipnya seluruh manusia yang ada di bumi ini adalah satu : berada dalam satu kesatuan dari sistem alam semesta ciptaan Allah SWT meliputi alam makrokosmos dan mikrokosmos. Konsep kepemimpinan di Alam Minangkabau mengacu pada surat Al-Baqarah ayat 30 yang artinya : ""Dan ingatlah ketika Rabbmu berfirman kepada para malaikat. Sesungguhnya Aku hendak menjadikan seorang khalifah di bumi"". Juga dalam surat Ad-Zaariyaat ayat 56 yang artinya : "" Tidak aku jadikan jin dan manusia kecuali untuk beribadah kepadaKU"". Konsekwensi dari tugas manusia selaku khalifah menjadi amanah untuk di laksanakan. Seperti : Mewujudkan Kemakmuran, untuk keluarga, kamanakan, dan masyarakat. Mewujudkan Keselamatan. Beriman dan beramal sholeh. Serta bekerja sama menegakkan kebenaran. Ruang lingkup tugas selaku khlaifah. Kekhalifahan terhadap diri sendiri, meliputi : Menuntut Ilmu Pengetahuan, Menjaga dan memelihara diri sendiri dari segala sesuatu yang bisa menimbulkan bahaya dan kesengsaraan, serta menghiasi diri dengan akhlak yang mulia. Kekhalifahan dalam keluarga / rumah tangga, meliputi : Membentuk rumah tangga bahagia dan sejahtera atau keluarga yang sakinah, mawaddah wa rahmah. Memelihara anak istri dari hal hal yang bisa menjerumuskan pada siksa api neraka. Mengusahakan agar tidak meninggalkan anak anak sebagai generasi yang lemah. Kekhalifahan dalam masyarakat, meliputi : Mewujudkan persatuan dan kesatuan umat. Tolong menolong dalam kebaikan dan ketakwaan. Menegakkan keadilan dalam masyarakat. Bertanggung jawab ( ikut aktif ) dalam amar makruf nahi munkar. Berlaku baik, menyantuni dan mengayomi golongan masyarakat yang lemah, fakir miskin dan anak yatim. Kekhalifahan terhadap alam, meliputi ; Membudayakan alam ( mengkulturkan natur ). Mengalamkan budaya ( menaturkan kultur ). Dan MengIslamkan kultur. Misi Mayarakat ABS-SBK. ( Syarat kelayakan kaum ) Mardeko ati ( merdeka hati ) : lapeh dari utang piutang, santoso dari hino jo malu, urang elok salendang dunia. Mardeko Tubuah ( merdeka tubuh ) : tubuah sehaik badan santoso, hiduik mambari lazat bagi kasanangan, alah bapusako sacukuiknyo jo soko nan tarungguah dalam limbago, barimbo kareh batanah lunak tampek batuga jo batahun, bakeh kasawah jo baladang. Mardeko Tampek ( merdeka tempat ) : alah barumah jo ba tanggo, lah balumbuang barangkiang, lah bakorong jo bakampuang, lah tarumpuan tampak nyato tacelak di pandang jauah. Mardeko Alam ( Merdeka Alam ) : bacupak sapanjang batuang, baradat sapanjang jalan, indak manaruah silang jo salisiah, suni dari bantah jo kalahi, alah soko nan tasungkua, dimano tampek diam salamaik barang karajo. Bumi sang padi manjadi, padi masak jaguang maupiah, taranak bakambang biak Anak nagari sanang santoso, bapak kayo mande batuah, mamak di sambah urang pulo. Pakan sasak musajik rami, sadundun adat jo ugamo, sairiang dunia jo akhirat. (gy)            ",not_spam
"FALSAFAH HIDUP ORANG MINANGKABAU. bag. 2 LAHIRNYA SISTEM ADAT ALAM MINANGKABAU. Bagaimana Rumusan Adat Alam Minangkabau sesuai ABS-SBK ? Oleh : YULFIAN AZRIAL, Ketua BKKP Nagari Adat Minangkabau. Adat Alam Minangkabau merupakan aturan adab atau norma norma yang dirumuskan berdasarkan mufakat para pemimpin masyarakat Minangkabau sejak zaman dahulu hingga sekarang, yang di dasarkan pada mungkin dan patut, bertujuan untuk mewujudkan kesejahteraan, kemakmuran dan kenyamanan hidup masyarakatnya secara lahir maupun bathin, dan telah diwariskan dari generasi ke generasi yang di ikuti dan di patuhi oleh setiap anggota masyarakat. Disamping adat nan empat, yang sudah sangat populer di tengah masyarakat yaitu Adat nan sabana adat, Adat nan di adatkan, Adat nan teradat dan Adat istiadat, Pembahasan ini di fokuskan pada Hablum minallah dan hablum minan nas. Hubungan antara manusia dengan Allah SWT dan hubungan antara manusia dengan manusia. 1. Adat Sambah Manyambah Adat sambah manyambah yaitu adat yang di rumuskan untuk mengatur tata cara berhubungan antara manusia dengan Allah SWT. Hablum minallah. Tata krama, sikap, perilaku atau adab sopan santun manusia selaku makhluk dalam berhubungan dengan sang penciptanya, yaitu Allah SWT, Tuhan semesta alam. Cupak si talago panuah, isian gantang si maharajolelo, bagantuang di tali taguah, nan bana tampek picayo. 2. Adat baso jo basi. Adat baso jo basi adalah adat yang dirumuskan untuk menjalin hubungan psikologis dengan sesama manusia secara umum. Atau dalam istilah syaraknya yaitu Hablum Minannas. Yaitu tata cara berhubungan atau adab sopan santun antara manusia dengan manusia lainnya. Nak luruih rantangkan tali, nak kayo kuek mancari, nak haluih baso jo basi, nak tinggi naiak kan budi. Nan kuriak iyolah kundi, nan sirah iyolah sago, nan baiak iyolah budi, nan indah iyolah baso. Jan barundiang basikasek, usah bakato basikasa, jan bataratik bakato asiang, usah mahariak mahantam tanah. Jan babana ka ampu kaki, usah babanak ka pangka langan. Pandai maagak maagiahkan, pandai manyamo maratokan. Budi baiak baso katuju, muluik manih kucindam murah. Elok dek awak, katuju dek urang. Anak urang koto hilalang, nak lalu ka pandai sikek. Malu jo sopan kalau lah hilang, bak kayu lungga pangabek. Kuek rumah karano sandi, rusak sandi rumah binaso. Kuek bangso karano budi, rusak budi bangso binaso. 3. Adat siriah jo pinang. Adat siriah jo pinang yaitu makna yang di simbolkan oleh bagian ulu dari keris pangulu. Adat siriah jo pinang di rumuskan sebagai tata cara untuk menyampaiakan sesuatu antara satu komunitas dengan komunitas lainnya. Yaitu tata cara yang telah menjadi kebiasaan dalam menjalin hubungan psikologis, serta hubungan sosio antropologis antar kelompok manusia secara khusus. Tujuan dari hal ini masih untuk penyempurnaan amalan hablum minannas. Karena masyarakat terus berkembang, dan memiliki ciri yang khas, maka adat siriah jo pinang ini akhirnya juga menjadi salah satu identitas budaya yang membedakan orang Minangkabau dengan suku yang lain. Secara umum, dasar adat siriah jo pinang ini adalah alua jo patuik, yaitu bagaimana hubungan antar kelompok masyarakat di lakukan secara proporsional sesuai konteksnya. Diasah bana ameh lancuang, kilau timbago nampak juo. Balagak cadiak urang binguang, ronggongnyo jaleh di bicaro. Barek dek urang ka mamikua, ringan dek urang ka manjinjiang. Kok lalu karano tukua, puncak biaso patah puntiang. Suatu kemampuan cerdas yang merupakan gabungan sifat Cadiak, Tau dan Pandai. SISTEM KEKERABATAN DAN FORMAT KEPEMIMPINAN ALAM MINANGKABAU. Bagaimana orang Minangkabau menata hubungan antara sesama manusia selaku khalifah Allah SWT ? Kamanakan barajo ka mamak, mamak barajo ka pangulu, pangulu barajo ka mupakaik, mupakaik barajo ka nan bana, nan bana tagak ka nan sandirinyo. Adab manuntuik ilmu : Tambilang di baliak lansek, Tasisiak di lambai lambai. Di bilang sado nan dapek. Nan tingga untuak nan pandai. Terima kasih ( gy )",not_spam
"GEBYAR VAKSIN BERHADIAH Bekerjasama dengan Forkopinca Luak, Pemerintah Nagari Andaleh menggelar Gebyar Vaksinasi Covid 19, Sabtu tanggal 31 Desember 2021. Acara yang di adakan di penghujung tahun ini di gagas oleh Camat Luak, Puskesmas Mungo, Kapolsek Luak dan di dukung oleh Anggota DPRD Lima Puluh Kota. Gebyar vaksinasi covid 19 kali ini di laksanakan di halaman Komplek Perkantoran Wali Nagari Andaleh. Dalam sambutannya, Wali Nagari Andaleh, Harmen Sastra, menghimbau seluruh masyarakat Nagari Andaleh yang belum di vaksin agar memanfaatkan momen ini untuk mendapatkan pelayanan vaksin pertama atau vaksin kedua. "" Kami sudah melayangkan 1200 lebih undangan vaksin kepada masyarakat. Mari kita manfaatkan momen ini untuk mendapatkan vaksin. Harapan kami, target vaksinasi untuk nagari Andaleh dapat tercapai di penghujung tahun ini. Untuk memotivasi masyarakat, Pemerintah menyediakan paket sembako berupa 10 kg beras bagi masyarakat yang telah mengikuti vaksin pertama dari tanggal 25 hingga tanggal 31 Desember 2021, paket sembako dapat di peroleh melalui kepala jorong masing masing dengan menunjukkan bukti vaksin pertama. Mumpung masih gratis, ayo vaksin"". kata pak wali. Vaksinasi kali ini akan di laksanakan sampai selesai, artinya, masyarakat tidak perlu kuatir kehabisan kuota. Sampai sore hari pun akan tetap di layani. Tim vaksinator  akan stand by menunggu kedatangan masyarakat yang ingin di vaksin. Silahkan datang dengan membawa foto copi ktp. Dalam kesempatan yang sama, Wirman, Dt Pangeran nan Putiah, anggota DPRD Lima Puluh Kota juga memberikan apresiasi dalam kegiatan Gebyar Vaksin kali ini. Beliau menyediakan hadiah undian bagi yang beruntung sebagai bentuk dukungan kepada masyarakat yang telah mendapatkan vaksin. ""Jangan kuatir dengan info info hoaks yang beredar, tidak benar itu. Sepanjang tahun ini, nagari Andaleh telah mencapai 60 % warga yang telah di vaksin, apa ada yang meninggal setelah vaksin ? Apa ada yang sakit setelah vaksin ? Apa ada yang positif corona setelah vaksin ? Tidak bukan ? Itulah bukti nyata bahwa vaksinasi corona tersebut tidak berbahaya sama sekali. Jangan ragu dan bimbang. Ayo vaksin agar kita bisa beraktifitas seperti sebelum nya, sebelum pandemi ini melanda. Daftar kan diri anda dan jangan lupa ambil kupon yang sudah di sediakan. Nanti di penghujung acara akan di undi secara terbuka di hadapan Forkopinca Luak, kesempatan undian terbuka bagi seluruh peserta vaksin hari ini, baik vaksin pertama atau yang vaksin kedua."" tambah Wirman, Dt Pangeran n Putiah dalam sambutannya. Gebyar vaksin kali ini juga di meriahkan dengan kehadiran Kapolres Payakumbuh Bpk AKBP Alek Prawira yang mengadakan zoom meeting dengan seluruh jajaran Polri. Zoom Meeting dalam rangka Gebyar Vaksinasi Nasional bersama Bapak Kapolri dan seluruh Kapolda se Indonesia. (gy)  ",not_spam
"RAKOR PEMERINTAH NAGARI DENGAN BAMUS NAGARI TERKAIT PEMILIHAN BAMUS TAHUN 20202 Rakor yang diadakan pada hari Jum'at,07 Januari 2022, membahas terkait pemilihan Bamus Nagari yang baru menggantikan Bamus lama dimana priode masa jabatannya akan segera berakhir. Dalam rakor tersebut disepakati bahwa pemilihan bamus yang akan diadakan dengan pemilihan Lansung oleh Masyarakat,pemilihan ini juga diatur dalam Permendagri 110 tahun 2016 . Dalam pemilihan Bamus tahun 2022 yang akan Memilih sebanyak 7 Orang Pimpinan Bamus terdiri dari 6 orang perwakilan Dapil/wilayah ditambah 1 orang dari keterwakilan perempuan seluruh nagari andaleh. Pembagian dapil ini disepakati terdapat 6 dapil yang berarti terdapat pengurangan kursi bamus dari priode sebelumnya 8 perwakilan jorong ditambah 1 keterwakilan perempuan,perubahan ini telah diatur didalam Permendagri 110 tahun 2016. Pembagian Dapil disepakati bahwa ; - Dapil 1 yaitu jorong Tarok - Dapil 2 yaitu Jorong Tabek Buruak - Dapil 3 yaitu Jorong Kapalo Koto - Dapil 4 yaitu Jorong Kampuang Tangah - Dapil 5 yaitu Jorong Pincuran Gadang dan Galo Gandang - Dapil 6 yaitu jorong Tanjuang baruah dan Baliak Bukik. Pembagian dapil disepakiti dalam rakor hari ini  mengacu kepada Hak Pilih yang terdapat di Sebuah Jorong yang memgabungkan jorong terdekat dalam 1dapil. Dalam rakor ini juga membahas tentang Panitia pemilihan bamus tahun 2022.   terkait pendaftaran Bamus dan Sosialisasi lainnya akan di sampaikan melalui Kepala jorong dan Media Sosial lainnya.",not_spam
"PENERIMAAN PERANGKAT NAGARI BARU PENGUMUMAN PENERIMAAN PERANGKAT NAGARI ANDALEH   Sehubungan dengan adanya kekosongan Jabatan Kaur Tata Usaha dan Umum di Pemerintah Nagari Andaleh, maka dengan ini Pemerintah Nagari Andaleh membuka Penerimaan Perangkat Nagari untuk mengisi kekosongan tersebut, kepada seluruh Anak nagari yang ingin mendaftar silahkan antar lamaran dengan ketentuan sebagai berikut: Penduduk Nagari Andaleh dibuktikan dengan KTP dan Kartu Keluarga Berusia 20-42 tahun Berpendidikan paling rendah SLTA/Sederajat Mampu mengoperasikan komputer (terutama Microsoft Office) Mengikuti tahapan tes tertulis, tes praktek, dan tes wawancara yang diselenggarakan Pemerintah Nagari Andaleh. Surat lamaran ditujukan kepada Wali Nagari Andaleh dan diantar langsung ke Kantor Wali Nagari Andaleh dimulai Tanggal 4-11 Februari 2022 pada jam kerja.   Kelengkapan berkas lamaran: Surat Lamaran bermaterai yang ditujukan kepada Wali Nagari Andaleh Daftar Riwayat Hidup (CV) Foto Copy KTP dan Kartu Keluarga Foto Copy Ijazah SD- Ijazah terakhir Foto Copy Akte Kelahiran Pas Foto berwarna terbaru ukuran 4 x 6 (2 lembar) Foto Copy Sertifikat Vaksin Surat Keterangan Catatan Kepolisian (dilengkapi setelah diterima sebagai Perangkat Nagari) Surat keterangan berbadan sehat (dilengkapi setelah diterima sebagai Perangkat Nagari) Surat Pernyataan Bertakwa kepada Tuhan Yang Maha Esa dibuat dikertas dan bermaterai. (dilengkapi setelah diterima sebagai Perangkat Nagari) Surat Pernyataan memegang teguh dan mengamalkan Pancasila, UUD 1945, mempertahankan dan memelihara keutuhan NKRI dan Bhineka Tunggal Ika dibuat dikertas dan bermaterai. (dilengkapi setelah diterima sebagai Perangkat Nagari) Semua berkas dimasukkan kedalam map kertas warna biru.   Demikianlah pengumumuan ini kami sampaikan, atas perhatiannya kami ucapkan terima kasih.  ",not_spam
"PENGUMUMAN PENDAFTARAN BAKAL CALON ANGGOTA BAMUS NAGARI ANDALEH PERIODE 2022-2028 PENGUMUMAN PENDAFTARAN BAKAL CALON ANGGOTA BADAN PERMUSYAWARATAN NAGARI ANDALEH KECAMATAN LUAK  KABUPATEN LIMA PULUH KOTA Nomor: 02/PP-BAMUS/Adl/2022   Dalam rangka pengisian Anggota Badan Permusyawaratan (BAMUS) Nagari Andaleh Periode 2022-2028, Panitia Pemilihan Badan Permusyawaratan Nagari Andaleh berdasarkan Peraturan Menteri Dalam Negeri Nomor 110 Tahun 2016 tentang Badan Permusyawaratan Desa membuka kesempatan bagi Warga Nagari Andaleh yang memenuhi persyaratan untuk mendaftarkan diri calon anggota Badan Permusyawaratan Nagari. Persyaratan calon anggota Badan Permusyawaratan Nagari adalah sebagai berikut: Bertakwa Kepada Tuhan Yang Maha Esa. Memegang teguh dan  mengamalkan  Pancasila, melaksanakan Undang-Undang Dasar Negara Republik Indonesia Tahun 1945, serta mempertahankan dan memelihara keutuhan Negara Republik Indonesia dan Bhinneka Tunggal Ika. Berusia paling rendah 20 (dua puluh) tahun atau sudah pernah menikah. Berpendidikan paling rendah tamat sekolah menengah pertama (SLTP) sederajat. Bukan sebagai perangkat Pemerintah Belum Pernah menjabat sebagai anggota BAMUS Nagari Andaleh atau nama lain lebih dari 3 (Tiga) Kali secara berturut-turut atau tidak berturut-turut Bersedia dicalonkan menjadi anggota BAMUS. Wakil Penduduk Nagari Andaleh yang dipilih secara Demokratis; dan Bertempat tinggal di wilayah pemilihan dibuktikan dengan KK dan KTP.   Mengajukan surat pendaftaran yang ditujukan kepada Panitia Pemilihan Badan Permusyawaratan Nagari Andaleh dengan melampirkan: Surat Pernyataan bertaqwa kepada Tuhan Yang Maha Esa; Surat Pernyataan memegang teguh dan mengamalkan Pancasila, Undang-Undang Dasar Negara Republik Indonesia Tahun 1945, memperhatikan dan memelihara keutuhan Negara Republik Indonesia dan Bhinneka Tunggal Ika; Photo Copy Kartu Tanda penduduk ; Photo Copy Kartu Keluarga ; Surat Keterangan Domisili dari Wali Nagari Andaleh; Surat Keterangan Berbadan Sehat dari Dokter (Dilengkapi setelah terpilih); Surat Keterangan Catatan Kepolisian (Dilengkapi setelah terpilih); Photo Copy Ijazah pendidikan terakhir yang dilegalisir pejabat berwenang; Surat pernyataan bersedia dicalonkan sebagai anggota BAMUS; Pas Fhoto Bewarna terbaru ukuran 4 x 6 sebanyak 2 lembar dengan latar belakang merah; Surat Izin Atasan bagi TNI, POLRI, ASN dan Tenaga Honorer Instansi Pemerintah; Semua berkas dimasukkan kedalam map kertas berwarna Biru.   Formulir berkas administrasi calon anggota Badan Permusyawaratan Nagari dapat diperoleh di Sekretariat Panitia Pemilihan Badan Permusyawaratan Nagari dan Kantor Wali Nagari Andaleh. Dokumen pendaftaran diserahkan kepada Panitia Pemilihan Badan Permusyawaratan Nagari di Kantor Wali Nagari Andaleh, dibuat masing-masing dalam 2 (dua) rangkap yang terdiri dari 1 (satu) rangkap asli dan 1 (satu) rangkap fotocopy.     Waktu penerimaan pendaftaran mulai tanggal 14 Februari 2022 s/d 18 Februari 2022, dari Pukul 09.00 s.d. 15.30 WIB. Pendafataran tidak dipungut biaya. Untuk informasi lebih lanjut dapat mengunjungi sekretariat Panitia atau menghubungi contact person dibawah ini: Deskamri HP. 0852 7484 0546 Yulia Hesti Hp. 0852 1614 5546 Fitrianis Hp. 0823 9263 0800  ",not_spam
"PENGUMUMAN LANJUTAN PENERIMAAN PERANGKAT NAGARI, PENDAFTARAN TUTUP !!! Perserta yang telah melakukan pendaftan sebagai perangkat nagari",not_spam
"HASIL TES TULIS PENERIMAAN PERANGKAT NAGARI File",not_spam
"HASIL TES PRAKTEK PENERIMAAN PERANGKAT NAGARI FILE",not_spam
"MUSYAWARAH NAGARI RKP 2023 DAN DU RKP 2024 Andaleh,30 Juni 2022 Tepat pada jam 09.00 Wib di Gedung Balai adat nagari andaleh dilangsungkan Acara MUSNAG yang di Pimpin Lansung Oleh Pimpinan Bamus Nagari Andaleh yang Baru saja di Lantik. Dalam acara Musyawarah yang berlansung Diawali dengan protokol yang dibawakan oleh Oktorafi Yang merupakan Wakil Pimpinan Bamus,dilanjutkan dengan Pembacaan ayat suci Al-Qur'an Oleh Susriwati. Selanjutnya pembacaan do'a oleh Ustad Zulhatril. Setelahnya di buka Acara dengan penyampaian Hal-hal penting oleh Wali Nagari Andaleh Bapak Harmen sastra. dalam Penyampaiannya Bapak wali nagari,""Menyampaikan terkait adanya Dana desa yang bersumber dari pemerintahan pusat yang berjumlah +-Rp.900Jt.telah diatur penggunaannya oleh peraturan Perundangan yang mana 40% dari dana Yang ada Diselenggarakan untuk BLT-DD yang telah tersalurkan dari Bulan Januari-Juni 2022, Sebnyak 97 KK penerima manfaatnya dengan nominal Rp.300.000./bulan. dan Sisa 6 Bulan Lagi akan dibayarkan sesuai Jadwal yang telah di tentukan.8% dari dana desa yang ada di gunakan untuk penanganan  COVID-19"" dalam saat yang sama Wali Nagari juga menyampaikan ""terkait Nagari andaleh yang Juga ditetpakan sebagai nagari lokus stunting dengan adanya temuan Kasus Stunting sebanyak 35orang Bayi/balita. dengan hasil tersebut merupakan pekerjaan rumah nagari andaleh tahun 2023"" acara musyawarah yang terselenggara kali ini juga membentuk Tim RKP yang terdiri dari 7 Orang : Wali Nagari Harmen sastra,Jekri Dt.marajo Tan andil,Ketua LPM Syamsul Bahri,Matri Dewita,Guslinda,A.Dt.Karongkong Kayo,Yobar andika. Tim Verifikasi Yaitu : Wirman Ad,Uun Pratama,Yeni Asda    ",not_spam
"SELAMAT IPNA DAN ANDALEH FC Andaleh,05 Juli 2022 Tepatnya jam 16.30 Wib Dilapangan Merah Nagari Andaleh Telah Terselengara Acara Final Andaleh Cup II 2022 yang mana Mempertemukan 2 Keseblasan Terbaik Di Kancah Persepak bolaan Lima Puluh Kota Dan Payakumbuh Sumatera Barat.Yaitu Garuda Piladang Vs Andaleh FC (Tuan Rumah). Dalam Awal Sebelum dimulainya Pertandingan Wali Nagari Andaleh Harmen sastra Menutup Acara turnamen yang telah terselenggara Dari tanggal 18 Juni - 5 Juli 2022 dengan Rasa Apresiasi Untuk Seluruh Pemuda nagari Andaleh (IPNA) yang telah sukses dalam menyelenggarakan ivent tersebut. Saat pertandingan dimulai seluruh penonton sangat antusias dalam menyaksikan pertandingan Tim Kebanggaan yang berlaga,yang mana dalam laga yang berlansung kedua tim menyajikan pertandingan yang sangat ketat hingga pertengahan babak pertama masih berlansung 0 - 0 . menjelang akhir pertandingan pecahalah sorak sorai penonton yang menyaksikan laga tersebut,pemain dari Andaleh FC berhasil memecah kebuntuan Lewat Kaki Haris hingga Beruabah Lah Skor 1 - 0 Untuk Andaleh Fc, Sampai Akhir Nya Laga Babak pertama Tidak ada tambahan Goal. pada Babak Kedua Kesebelasan Andaleh FC yang Di Manegeri Oleh WesQarni meningkatkan Intensitas serangannya, Berawal dari Lini tengah Permainan yang dikomandoi Oleh Kapten Tim Aidil Putra berhasil Menambah Skor Lewat Kaki Rivan Berubah Las Skor 2 - 0 Untuk Andaleh FC. Pada Petengahan Babak Kedua Kembali Goal tercipta Lewat Assist Terukur Kapten Tim kepada Aska Bertambah Lah Skor 3 - 0 Untuk Andaleh FC. Menjelang Akhir Laga Keseblasan Garuda Piladang Berhasil Menipiskan Ketertinggalan Lewat Titik Putih Yang Di eksekusi Oleh Yasril 1 - 3 Untuk Garuda Piladang. Sampai Akhirnya Laga tidak ada lagi Tambahan Goal terjadi. setelah Laga selesai dilanjutkan dengan Penyerahan Hadiah Juara 1 & 2 , Yang Mana Juara Dua diserahkan Oleh Perwakilan Camat Luak yaitu bapak Saiful, sedangakan Tim Yang berhasil menjuarai kejuaraan Andaleh Cup II 2022 yaitu Andaleh FC dihadiahi Mendali yang diserakan oleh tokoh-tokoh Nagari andaleh seperti, Harmen Sastra (Wali Nagari) N.Dt.Marajo Sati (Ketua KAN), Rafi Candra,SH (Ketua Karang Taruna), Dedi Sunardi (PJ Wali Nagari Sei Kamuyang) Seprianto Chaniago,SH (Ketua Partai Gelora Indonesia Kab,50 Kota), Untuk Tim Pemenang Juga Dihadiahi Tropi dan Tabanas.  Dalam perayaan Kemenangan Tim Kesayangan Warga Nagari Andaleh dirayakan dengan sangat Mega Bak perayaan Tim Yang Memenangkan Kejuaraan Liga Champion, seperti Panggung  Juara dan letusan Kembang Api dan juga Smoke Bomb (Fleir).       Penulis : Muhamad Syukri",not_spam
"DOSEN MENGABDI PULANG KAMPUNG Andaleh,05 Juli 2022 Dibalai Balai Pertemuan (Balai Adat) dalam Acara dosen mengabdi Pulang kampung yang di Selenggarakan Oleh dosen IPB (Institu Pertanian Bogor) dengan diikuti Oleh Kelompok Tani Balibu Jorong Baliak Bukik,. Dalam acara yang berlansung dari jam 09.00Wib tersebut dimulai dengan Sabutan dari Bapak Wali Nagari Andaleh. Wali Nagari Andaleh,Harmen Sastra ""Nagari andaleh sangat Mengapresiasi Acara yang berlansung dengan pemberian Ilmu Yang bermanfaat bagi Petani di nagari Andaleh lansung dari Dosen IPB yang mana merupakan Kiblat dari Ilmu Pertanian di Indonesia,""  Dosen IPB Yakni Dr.Dewi Sukma,S.P.,M.Si yang Juga Putri Asli Nagari Andaleh Mengharapkan ""Nanti dari ilmu yang diberikan dapat menjadi sebuah hal yang bermanfaat baik, bagi kelompok dan juga bisa dikembangkan menjadi sebuah peluang usaha yang baru bagi Poktan"" Ujarnya Dalam Kesempatan Yang sama Dr.Ir.Abdul Munif,M.Sc dan Istrinya Dr.Elis Nina Herliyana,M.Si yang juga Merupakan Dosen IPB Memberikan Materi terkait Pemanfaatan Pupuk Organik yang Bermanfaat baik bagi tumbuhan dan lingkungan. Kegiatan yang dimulai di dalam ruangan Juga dilanjutkan dengan kegitan Praktek di lapangan bertempat di Baliak bukik di sekretariat Poktan Balibu.dan Ditutup dengan Makan bersama dengan Seluruh peserta Acara.",not_spam
"HARI RAYA IDUL ADHA 1443 H Andaleh,perayaan idul adha di nagari Andaleh berjalan dengan selamat dan lancar mulai dari pagi kemaren 09 juli 2022 dimulai dengan sholat id serentak di seluruh jorong yang ada di Andaleh. Sedangkan penyemblihan hewan korban terjadi sedikit perbedaan,yang mana pada Hari kemarin ada 5 jorong yang serentak melakukan penyemblihan (Tarok,tabek buruak,kampuang tangah,Galo Gandang, Baliak Bukik). Dan pada pagi ini disusul oleh 3 jorong lainnya (Kapalo koto,Pincuran Gadang,Tanjuang Baruah). Sedang kan menurut data yang kami kumpulkan, terdapat 74 sapi,8 Kerbau,35 kambing.Terbagi sebagai berikut Jorong Tarok : 8 sapi , 1 Kambing Jorong Tabek Buruak : 11 sapi , 6 Kambing Jorong kapalo koto : 14 Sapi,1 kerbau, 8 Kambing Jorong Kampuang tangah : 15 sapi , 2 kambing Jorong Pincuran Gadang : 8 Sapi ,9 Kambing Jorong Galo Gandang : 11 Sapi , 7 kambing Jorong Tanjuang Baruah : 7 Sapi ,2 kambing Jorong Baliak Bukik : 7 kerbau    ",not_spam
"Pentingnnya Posyandu Posyandu (pos pelayanan terpadu) merupakan upaya pemerintah untuk memudahkan masyarakat Indonesia dalam memperoleh pelayanan kesehatan ibu dan anak. Tujuan utama posyandu adalah mencegah peningkatan angka kematian ibu dan bayi saat kehamilan, persalinan, atau setelahnya melalui pemberdayaan masyarakat. Berbeda dengan puskesmas yang memberikan pelayanan setiap hari, posyandu hanya melayani setidaknya 1 kali dalam sebulan. Lokasi posyandu umumnya mudah dijangkau masyarakat, mulai dari lingkungan desa atau kelurahan hingga RT dan RW. BERBAGAI KEGIATAN POSYANDU DAN MANFAATNYA Kegiatan posyandu terdiri dari kegiatan utama dan kegiatan pengembangan. Berikut ini adalah beberapa kegiatan utama posyandu : 1. Program kesehatan ibu hamil Pelayanan yang diberikan posyandu kepada ibu hamil mencakup pemeriksaan kehamilan dan pemantauan gizi. Tak hanya pemeriksaan, ibu hamil juga dapat melakukan konsultasi terkait persiapan persalinan dan pemberian ASI. Agar kondisi kehamilan tetap terjaga, ibu hamil juga bisa mendapatkan vaksin TT untuk mencegah penyakit tetanus yang masih umum terjadi di negara berkembang, seperti Indonesia. Setelah melahirkan, ibu juga bisa mendapatkan suplemen vitamin A, vitamin B, dan zat besi yang baik dikonsumsi selama masa menyusui, serta pemasangan alat kontrasepsi (KB) di posyandu. 2. Program kesehatan anak Salah satu program utama posyandu adalah menyelenggarakan pemeriksaan bayi dan balita secara rutin. Hal ini penting dilakukan untuk memantau tumbuh kembang anak dan mendeteksi sejak dini bila anak mengalami gangguan tumbuh kembang. Jenis pelayanan yang diselenggarakan posyandu untuk balita mencakup penimbangan berat badan, pengukuran tinggi badan dan lingkar kepala anak, evaluasi tumbuh kembang, serta penyuluhan dan konseling tumbuh kembang. Hasil pemeriksaan tersebut kemudian dicatat di dalam buku KIA atau KMS. 3. Keluarga Berencana (KB) Pelayanan KB di posyandu umumnya diberikan oleh kader dalam bentuk pemberian kondom dan pil KB. Sedangkan, suntik KB hanya dapat diberikan oleh tenaga puskesmas. Apabila tersedia ruangan dan peralatan yang menunjang serta tenaga yang terlatih, posyandu juga dapat dilakukan pemasangan IUD dan implan. 4. Imunisasi Imunisasi wajib merupakan salah satu program pemerintah yang mengharuskan setiap anak usia di bawah 1 tahun untuk melakukan vaksinasi. Kementerian Kesehatan Republik Indonesia telah menetapkan ada 5 jenis imunisasi yang wajib diberikan, yaitu imunisasi hepatitis B, polio, BCG, campak, dan DPT-HB-HiB. Dalam hal ini, posyandu menjadi salah satu pihak yang berhak menyelenggarakan program imunisasi tersebut. Tak hanya anak, ibu hamil pun juga dapat melakukan vaksinasi di posyandu, misalnya vaksinasi tetanus, hepatitis, dan pneumokokus. 5. Pemantauan status gizi Melalui kegiatan pemantauan gizi, posyandu berperan penting dalam mencegah risiko stunting pada anak. Pelayanan gizi di posyandu meliputi pengukuran berat dan tinggi badan, deteksi dini gangguan pertumbuhan, penyuluhan gizi, dan pemberian suplemen. Apabila ditemukan ibu hamil dengan kondisi kurang energi kronis (KEK) atau balita yang pertumbuhannya tidak sesuai usia, kader posyandu dapat merujuk pasien ke puskesmas. 6. Pencegahan dan penanggulangan diare Pencegahan diare dilakukan melalui Perilaku Hidup Bersih dan Sehat (PHBS). Sedangkan, penanganan diare dilakukan melalui pemberian oralit. Apabila diperlukan penanganan lebih lanjut, petugas kesehatan dapat memberikan suplemen zinc. Sementara itu, kegiatan pengembangan posyandu mencakup Bina Keluarga Balita (BKB), Tanaman Obat Keluarga (TOGA), Bina Keluarga Lansia (BKL), dan Pendidikan Anak Usia Dini (PAUD). Kegiatan pengembangan tersebut umumnya dilakukan apabila 6 kegiatan utama telah dilaksanakan dengan baik.   MANFAAT MENGIKUTI KEGIATAN POSYANDU Kegiatan posyandu dan manfaatnya bisa diperoleh tanpa mengeluarkan biaya, sehingga sangat meringankan beban ekonomi masyarakat. Selain itu, posyandu juga memiliki banyak manfaat lain yang meliputi : Memberikan beragam informasi mengenai kesehatan ibu dan anak, seperti pemberian ASI, MPASI, dan pencegahan penyakit Memantau tumbuh kembang anak, sehingga anak terhindar dari risiko kekurangan gizi atau gizi buruk Mendeteksi sejak dini bila terdapat kelainan pada anak, ibu hamil, dan ibu menyusui, sehingga penanganan dapat segera dilakukan Memberikan imunisasi lengkap Posyandu juga dapat menjadi sarana bagi para ibu untuk menambah pengetahuan dan berbagi pengalaman tentang kesehatan ibu dan anak, baik dengan petugas kesehatan maupun dengan peserta posyandu lainnya. Dengan pengetahuan yang baik, diharapkan kualitas kesehatan ibu dan anak dapat meningkat. Kegiatan posyandu dan manfaatnya bisa semakin dirasakan jika diikuti secara rutin. Jika berminat mengikuti kegiatan posyandu, Anda bisa menanyakan jadwal pelayanannya kepada pengurus RT/RW, kader posyandu setempat, atau puskesmas di lingkungan tempat tinggal Anda.   sumber : alodokter.com",not_spam
"EDUKASI PENGANAN BALITA STUNTING Andaleh,15 Juli 2022 ,Pagi Ini tepat jam 09.00 Wib diselengarakan Kegiatan Pos Gizi yang mana di ikuti Oleh Orang Tua dan Anak balita Stunting di Nagari Andaleh yang mana dalam kegiatan ini akan berlansung  selama 12 hari mulai dari tanggal 15 juli - 26 juli 2022. ' Acara hari ini dimulaikan dengan pembukaan Oleh wali nagari andaleh Bapak Harmen Satra, dalam Kesempatannya Bapak wali Nagari menyampaikan ""Bagi orang tua yang memiliki balita stunting tidak perlu malu kalau anaknya ditetapkan sebagai balita Stunting,karena itu Juga sebab dari Faktor Genetika dan Lainnya. Jadi untuk itu diharapkan untuk orang tua dapat mengikuti acaranya dengan cermat sehingga memperoleh ilmu yang bermanfaat untuk penanganan anaknya""  dalam Acara ini Juga diisi Oleh Narasumber dari Pukesmas Mungo .",not_spam
"BEASISWA PENUH PAKET A,B,C Informasi Lebih lanjut dapat Hubungi :0853-6346-7271",not_spam
"APEL 1 MUHARRAM 1444 H Apel 1 Muharram 1444 H, Dilakukan secara bersama di Lapangan merah Nagari Andaleh yang di ikuti Oleh seluruh TPA/Q sekecamatan Luak dengan Tema ""Mari hidupkan kembali semangat Anshor dan Muhajirin untuk Hijrah kepada tatanan kehidupan yang lebih baik dan bermatabat"" Dalam acara yang diterselenggara juga di ikuti oleh Bapak sekcam Luak, Bapak wali Nagari Andaleh.",not_spam
"REKRUTMEN PETUGAS PENDATAAN (REGSOSEK) 2022 Pandemi Covid-19 meluluhlantakkan sendi-sendi ekonomi negara. Imbasnya tentu juga kepada masyarakat. Yang lebih terasa tidak lain adalah masyarakat kelas menengah ke bawah. Banyaknya masyarakat yang terdampak secara ekonomi tentu diperlukan data-data terbaru. Maka dari itu, dalam Rencana Kerja Pemerintah sejak 2021 dicetuskanlah sebentuk reformasi sistim perlindungan sosial. Apa itu? Adalah Registrasi Sosial Ekonomi (Regsosek). Bagaimana kerjanya? Semacam transformasi data. Yaitu dengan perbaikan data-data dan pengembangan sistem pendataan yang terintegrasi. Yang dapat mencakup 100% penduduk melalui satu database yang mutakhir. Serta pembaruan data-data secara menyeluruh dan terus-menerus. Untuk itu, tentu diperlukan tenaga dalam pendataan tersebut. Pendataan yang dimulai dari tingkat terendah, yaitu desa atau nagari. Maka dari itu, dalam hal ini, Badan Pusat Statistik (BPS) melakukan rekrutmen petugas Regsosek (Registrasi Sosial Ekonomi) yang dijadwalkan dimulai dari tanggal 5 sampai 13 September 2022. Apa saja persyaratannya? Miniman lulus SMA/Sederajat Diutamakan berumur 18 sampai 50 tahun Sehat jasmani dan rohani Disiplin dan berkomitmen Bersedia bekerja terikat kontrak Diutamakan berdomisili sesuai dengan nagari wilayah tugas. Diutamakan memiliki kendaraan roda dua Mampu berbahasa Indonesia serta membaca dan menulis huruf kapital dengan baik Memiliki, menguasai dan dapat menggunakan tablet/smartphone dengan spesifikasi sebagai berikut: Operatisng System (OS) Android versi minimal 4.4.2 (Kitkat) Memory System 8RAM) minimal 2 GB Memory Internal minimal tersisa 2 GB Memiliki fitur kamera dan GPS yang berfungsi baik Dapat terkoneksi internet, baik melalui jaringan WI-FI atau jaringan 2G/3G/4G/LTE/5G Bisa bekerjasama dan berkoordinasi dengan pegawai BPS, Koordinator Sensus Kecamatan (Koseka), Tokoh masyarakat serta masyarakat di wilayah tugasnya. Diutamakan tidak memiliki pekerja tetap. Untuk calon petugas yang berstatus pegawai atau honor, diwajibkan melampirkan surat bebas tugas darui september sampai dengan November 2022 Memiliki rekening tabungan atas nama sendiri (diutamakan BRI) Informasi terkait persyaratan disampaikan lebih lanjut melalui media sosial BPS Kabupaten Lima Puluh Kota yaitu akun instagram @bpskablimapuluhkota dan website limapuluhkotakab.bps.go.id. Perlu diketahui, kuota yang dibutuhkan untuk wilayah nagari tanjung Andaleh adalah sebanyak 8 orang. Untuk itu, bagi yang ingin menjadi bagian Regsosek ini bisa langsung mendaftar dengan cepat pada link https://s.bps.go.id/OprecRegsosek1308",not_spam
"REKRUTMEN PANWASCAM UNTUK PEMILU SERENTAK TAHUN 2024 Badan Pengawas Pemilihan Umum (Bawaslu) telah mengeluarkan pedoman pembentukan Panitia Pengawas Pemilihan Umum Kecamatan (Panwascam) untuk Pemilu 2024. Pedoman tersebut sebagaimana tertuang dalam Surat Ketua Bawaslu RI Nomor : 314 /HK.01.00/K1/09/2022 tentang Pedoman Pelaksanaan Pembentukan Panitia Pengawas Pemilihan Umum Tahun 2024 tanggal 09 September 2022. Bagi Anda yang tertarik dan berminat untuk mendaftar menjadi Panwascam 2022 Pemilu 2024, pastikan memenuhi bebagai persyaratan.  ",not_spam
"REKRUTMEN PENDAMPING LOKAL DESA T.A 2022 Informasi lebih Lanjut : https://pendampingdesa.com/rekrutmen-pendamping-desa-tahun-2022/  ",not_spam
"RESMI APBNag Andaleh T.A 2025 DiSahkan Penetapan APB Nagari Andaleh Tahun 2025 Penetapan Anggaran Pendapatan Belanja (APB) Nagari Andaleh tahun 2025 telah berlangsung dengan lancar dan demokratis. Proses ini diawali dengan penyampaian Nota Keuangan APB Nagari 2025 oleh Pemerintah Nagari kepada Badan Musyawarah Nagari (Bamus) pada tanggal 11 Desember 2024.  Pj. Wali Nagari Andaleh, Bapak Syaiful Wahid, S.I.P., didampingi perangkat nagari dan kepala jorong, memaparkan secara rinci rencana anggaran untuk tahun mendatang.  Nota keuangan tersebut berisi gambaran umum kondisi keuangan nagari, rencana pendapatan dan belanja, serta program-program prioritas yang akan dijalankan. Selanjutnya, pada tanggal 13 Desember 2024, Bamus Nagari Andaleh melakukan pembahasan internal terhadap Nota Keuangan APB 2025 yang telah disampaikan.  Di bawah kepemimpinan Ketua Bamus, Bapak Yusrizal, Sp., dan anggota Bamus lainnya, dilakukan pengkajian mendalam terhadap setiap pos anggaran.  Diskusi yang konstruktif dan penuh kekeluargaan menghasilkan kesepahaman dan masukan-masukan penting untuk penyempurnaan rancangan APB. Setelah pembahasan internal, Bamus menyampaikan pandangan umum terhadap Nota Keuangan APB 2025 pada tanggal 16 Desember 2024.  Pandangan umum ini merupakan hasil dari kajian dan pertimbangan yang matang dari Bamus, yang mencakup aspek-aspek penting seperti alokasi anggaran, skala prioritas program, dan efektivitas pelaksanaan.  Pemerintah Nagari dengan seksama menampung dan mempertimbangkan seluruh pandangan umum yang disampaikan oleh Bamus. Puncak dari rangkaian proses penetapan APB Nagari Andaleh 2025 adalah pada tanggal 18 Desember 2024.  Pada hari itu, Pemerintah Nagari memberikan tanggapan resmi atas pandangan umum Bamus.  Setelah melalui proses diskusi dan negosiasi yang intensif, akhirnya tercapai kesepakatan dan APB Nagari Andaleh Tahun 2025 ditetapkan secara resmi.  Kesepakatan ini menandai komitmen bersama antara Pemerintah Nagari dan Bamus untuk mewujudkan pembangunan nagari yang berkelanjutan dan sejahtera bagi seluruh masyarakat Andaleh.  Proses ini menunjukkan sinergi yang baik antara Pemerintah Nagari dan Bamus dalam menjalankan pemerintahan yang demokratis dan transparan.Penetapan APB Nagari Andaleh Tahun 2025 Penetapan Anggaran Pendapatan Belanja (APB) Nagari Andaleh tahun 2025 telah berlangsung dengan lancar dan demokratis. Proses ini diawali dengan penyampaian Nota Keuangan APB Nagari 2025 oleh Pemerintah Nagari kepada Badan Musyawarah Nagari (Bamus) pada tanggal 11 Desember 2024.  Pj. Wali Nagari Andaleh, Bapak Syaiful Wahid, S.I.P., didampingi perangkat nagari dan kepala jorong, memaparkan secara rinci rencana anggaran untuk tahun mendatang.  Nota keuangan tersebut berisi gambaran umum kondisi keuangan nagari, rencana pendapatan dan belanja, serta program-program prioritas yang akan dijalankan. Selanjutnya, pada tanggal 13 Desember 2024, Bamus Nagari Andaleh melakukan pembahasan internal terhadap Nota Keuangan APB 2025 yang telah disampaikan.  Di bawah kepemimpinan Ketua Bamus, Bapak Yusrizal, Sp., dan anggota Bamus lainnya, dilakukan pengkajian mendalam terhadap setiap pos anggaran.  Diskusi yang konstruktif dan penuh kekeluargaan menghasilkan kesepahaman dan masukan-masukan penting untuk penyempurnaan rancangan APB. Setelah pembahasan internal, Bamus menyampaikan pandangan umum terhadap Nota Keuangan APB 2025 pada tanggal 16 Desember 2024.  Pandangan umum ini merupakan hasil dari kajian dan pertimbangan yang matang dari Bamus, yang mencakup aspek-aspek penting seperti alokasi anggaran, skala prioritas program, dan efektivitas pelaksanaan.  Pemerintah Nagari dengan seksama menampung dan mempertimbangkan seluruh pandangan umum yang disampaikan oleh Bamus. Puncak dari rangkaian proses penetapan APB Nagari Andaleh 2025 adalah pada tanggal 18 Desember 2024.  Pada hari itu, Pemerintah Nagari memberikan tanggapan resmi atas pandangan umum Bamus.  Setelah melalui proses diskusi dan negosiasi yang intensif, akhirnya tercapai kesepakatan dan APB Nagari Andaleh Tahun 2025 ditetapkan secara resmi.  Kesepakatan ini menandai komitmen bersama antara Pemerintah Nagari dan Bamus untuk mewujudkan pembangunan nagari yang berkelanjutan dan sejahtera bagi seluruh masyarakat Andaleh.  Proses ini menunjukkan sinergi yang baik antara Pemerintah Nagari dan Bamus dalam menjalankan pemerintahan yang demokratis dan transparan.",not_spam
"Andaleh Batagak Gala, Sebanyak 14 Penghulu di lewakan Sebanyak 14 penghulu di lewakan pada acara Andaleh Batagak Gala pada tanggal 29-30 Desember 2024 bertempat di Balai Adat Nagari Andaleh. Proesesi palewaan niniak mamak ini di pimpin oleh Tambangan Pucuak Adat Nagari Andaleh Y. Dt. Indo Marajo. Adapun Niniak Mamak yang dilewakan pada acara batagak penghulu ini adalah : Z. Dt. Bagindo Mulia (Suku Bendang) I. Dt. Bagindo Mulia Nan Putiah (Suku Bendang) L. Dt. Marajo Nan Pandak (Suku Bendang) H. Dt. Marajo Nan Panjang (Suku Bendang) A. Dt. Sati Nan Mulia (Suku Bendang) A. Dt. Marajo Nan Mudo (Suku Payobada) R. Dt. Gamuak (Suku Payobada) M. Dt. Samulia Nan Putiah (Suku Payobada) H. Dt. Mangkuto Rajo (Suku Payobada) I. Dt. Putiah Nan Barambuik (Suku Pitopang) A. Dt. Bijayo Nan Itam (Suku Pitopang) Y. Dt.Marajo Kayo Nan Sati (Suku Pitopang) Y. Dt. Parmato Nan Mudo(Suku Bodi) W. Dt. Marajo Ulak Sumano (Suku Bodi). Acara ini dihadiri oleh Wakil Ketua DPRD Kabupaten Lima Puluh Kota Bapak Muhammad Fadhlil Abrar, L.c dalam sambuatannya Ketua DPRD menyampaikan peran niniak mamak sangat penting karena niniak mamak merupakan panutan bagi anak kemenakan sesuai dengan petitih di Minangkabau ""anak dipangku kamanakan dibimbiang"". Acara baralek penghulu ini juga dihadiri oleh Pemerintah Nagari Andaleh yang dihadiri langsung oleh Pj. Wali Nagari Andaleh Bapak Syaiful Wahid. S.I.P dalam sambutannya wali nagari menyampaiakan ucapan selamat kepada niniak mamak yang di ambil sumpah pati ambalau semoga dalam menjalankan peran sebabagai niniak mamak amanah dan peran tigo tungku sajarangan dapat berjalan dengan baik di Nagari Andaleh. ",not_spam
"STRUKTUR NAGARI ANDALEH2025 -",not_spam
"Tim Damkar Lima Puluh Kota Jinakkan Sarang Tawon ""Gadang"" di Andaleh Tim Damkar Kabupaten Lima Puluh Kota Posko Lareh Sago Halaban membantu masyarakat dalam pemusnahan sarang tawon ""Gadang"" yang berada di Jorong Galo Gandang Nagari Andaleh Kecamatan Luak. Menurut Kepala Jorong Galo Gandang R. Dt. Gamuak sarang tawon sudah besar dan ditakutkan menyerang masyarakat yang berada di sekitar sarang dan yang melintas dari Andaleh - Taram mengingat posisi sarang berada di dekat pemukiman masyarakat dan di tepi jalan lintas. Melihat kondisi sarang taron yang berada dekat dengan instalasi kabel listrik Pemerintah Nagari Andaleh berkoordinasi dengan Petugas Pemadam Kebakaran Kabupaten Lima Puluh Kota, maka pada Rabu 29 Januari 2025 satu Regu Damkar dari Pos Lareh Sago Halaban yang dipimpim Bpk. Andreko Jumarel melakukan pemusnahan terhadap sarang tawon ini, kegiatan dilakukan pada malam hari mengantisipasi keamanan terhadap masyarakat sekitar. Tepat pukul 21.30 WIB sarang tawon berhasil dimusnahkan sehingga menjadi suatu kelegaan bagi masyarakat yang berada disekitar. Salah seorang masyarakat menuturkan merasa lega setelah sarang tawon ""Gadang"" tersebut dimusnahkan karena tidak ada ketakutan lagi jika anak-anak bermain dihalaman rumahnya yang tepat berseberangan dengan pohon rambutan tempat sarang tawon ""Gadang"" berada.",not_spam
"posyandu ceria melur februari.. kegiatan posyandu masal dimulai dari jam 8 sampai jam 12 dengan kehadiran 60 anak.. ibu hamil yg hadir 3 orang.. lansia 4 orang.. ",not_spam
"Posyandu kenanga ceria Posyandu d mulai jam 9s/d selesai, d lakukan kelas ibu balita",not_spam
"Posyandu kenanga2 Kegiatan posyandu kenanga2 Dimulai jam 08: 00 Diikuti ibu hamil 3 orang Balita 9 orang  Hadir semuanya Di bulan februari kegiatan kami memberikan vit a dan obat cacing Penimbangan masal  Kegiatan rutin setiap bulan  -pengkuruan tensi -berat badan dan tinggi badan    ",not_spam
"Posyandu delima Kapalo koto Kegiatan posyandu delima dimulai pukul 08:30 -12:00 Wib.  ",not_spam
"Posyandu Aster 1 Kegiatan posyandu Aster 1  bulan februari tanggal 12 diikuti oleh 19 balita dan 1 ibu hamil",not_spam
"Aster 2 Kegiatan posyandu 11 Februari 2025 di mulai jam 09:00 sampai selesai, yang di ikuti dengan jumlah 18 Anak dan bumil 1, dengan pemberian vitamin A dan obat cacing, yang di ikuti 2 anak yang di imunisasi 2 balita",not_spam
"Kegiatan posyandu kemuning jorong Tabek buruak Poyandu dimulai sl jam 8 pagi Diikuti oleh 35 bayi dan balita 2orang ibu hamil. Pemberian imunisasi kepada dua anak bayi    ",not_spam
"posyandu flamboyan baliak bukik kegiatannya di lakukan tiap hari kamis minggu ke 2 tiap bulannya. sasaran 23 orang anak, 1 ibu hamil , hadir dan datang semua",not_spam
"PENINGKATAN KADER POSYANDU DAN KADER KB DEMI TERWUJUDNYA NAGARI SEHAT Pemerintah Nagari Andaleh melaksanakan peningkatan kapasitas kader posyandu dan kader KB. Hal ini didasari Permendagri Nomor 13 Tahun 2024 tentang tugas dan fungsi kader posyandu dan kader KB. Pelaksanaan kegiatan ini dilakukan selama 4 hari pada tanggal 4-5 Januari 2025 dan 14-15 Februari 2025 dengan narasumber dari Dinas Kesehatan Lima Puluh Kota, Puskesmas Mungo dan Pendamping Desa Kecamatan Luak. Peserta dalam kegiatan ini merupakan seluruh kader posyandu dan kader KB Nagari Andaleh. Dalam kegiatan ini diharapkan peserta pelatihan dapat memahami 25 kompetensi tentang posyandu. Sehingga terwujudnya Nagari Sehat di Nagari Andaleh. Dalam sambutanya Pj. Wali Nagari Bapak Syaiful Wahid, S.I.P menerangkan bahwa kegiatan ini merupakan salah satu bentuk kepedulian pemerintah nagari demi terwujudnya nagari yang sehat, sehingga kader posyandu dan kader KB paham dengan tugas dan fungsinya.",not_spam
"Penimbangan masal Tempat posyandu; kantor jorong.penimbangan masal dan pemberian obat cacing dan vitamin A dan penyuluhan ibu hamil pada tgl 11 Februari 2025",not_spam
"Pertemuan bulanan RDS Andaleh Pertemuannya dilakukan rutin  tiap bulan , setelah kegiatan posyandu seluruh jorong selesai , alhamdulillah bulan ini jum'at 21-02-2025 kami melakukan pertemuan. disini kami membahas apa saja permasalahan yg ada di yandu masing2 dan juga menentukan apa PMT ntuk yandu bulan berikutnya serta membuat data per posyandu terkait data bayi, balita, ibu hamil ,anak stunting dll yg terkait  ttg kesehatan",not_spam
"PENETAPAN KPM BLT DD TAHUN 2025 Andaleh, 26 Februari 2025 – Musyawarah Nagari (Musnag) penetapan Keluarga Penerima Manfaat (KPM) Bantuan Langsung Tunai Dana Desa (BLT-DD) Nagari Andaleh tahun 2025 telah dilaksanakan pada hari ini, Selasa, 26 Februari 2025, di Gedung Balai Adat Nagari Andaleh.  Acara ini dihadiri oleh unsur Pemerintah Nagari Andaleh, Badan Musyawarah Nagari (Bamusnag), Lembaga Pemberdayaan Masyarakat (LPM), tokoh masyarakat, kader nagari, Bhabinkamtibmas, Babinsa, dan Pendamping Desa. Wali Nagari Andaleh, Bapak Syaiful Wahid, menyampaikan bahwa penetapan KPM BLT-DD tahun ini maksimal 15% dari total dana desa atau maksimal 42 KPM.  Data acuan penetapan KPM BLT-DD mengacu pada Permendes PDTT Nomor 2 Tahun 2024, yaitu data terpadu kesejahteraan sosial (DTKS) pada P3KE desil 1-4. Ibu Delvianti, Pendamping Desa, menjelaskan bahwa penetapan data penerima BLT harus bersumber dari data P3KE.  Pemberian BLT dapat dilakukan setiap bulan atau maksimal satu kali dalam tiga bulan. Ketua Bamusnag, Bapak Yusrizal, selaku pimpinan sidang, menyampaikan bahwa penyebaran KPM BLT-DD telah merata di setiap jorong di Nagari Andaleh.  Setelah melalui musyawarah dan mufakat, Musnag menetapkan sebanyak 37 KPM BLT-DD untuk tahun 2025.  Keputusan ini diambil setelah mempertimbangkan berbagai aspek dan memastikan penyaluran bantuan tepat sasaran. Musnag ini berjalan lancar dan menghasilkan kesepakatan yang diharapkan dapat memberikan manfaat optimal bagi masyarakat Nagari Andaleh yang membutuhkan.  Proses penetapan KPM BLT-DD ini menjadi bukti komitmen Pemerintah Nagari Andaleh dalam mewujudkan kesejahteraan masyarakatnya.Andaleh, 26 Februari 2025 – Musyawarah Nagari (Musnag) penetapan Keluarga Penerima Manfaat (KPM) Bantuan Langsung Tunai Dana Desa (BLT-DD) Nagari Andaleh tahun 2025 telah dilaksanakan pada hari ini, Selasa, 26 Februari 2025, di Gedung Balai Adat Nagari Andaleh.  Acara ini dihadiri oleh unsur Pemerintah Nagari Andaleh, Badan Musyawarah Nagari (Bamusnag), Lembaga Pemberdayaan Masyarakat (LPM), tokoh masyarakat, kader nagari, Bhabinkamtibmas, Babinsa, dan Pendamping Desa. Wali Nagari Andaleh, Bapak Syaiful Wahid, menyampaikan bahwa penetapan KPM BLT-DD tahun ini maksimal 15% dari total dana desa atau maksimal 42 KPM.  Data acuan penetapan KPM BLT-DD mengacu pada Permendes PDTT Nomor 2 Tahun 2024, yaitu pada data P3KE desil 1-4. Ibu Delvianti, Pendamping Desa, menjelaskan bahwa penetapan data penerima BLT harus bersumber dari data P3KE.  Pemberian BLT dapat dilakukan setiap bulan atau maksimal satu kali dalam tiga bulan. Ketua Bamusnag, Bapak Yusrizal, selaku pimpinan sidang, menyampaikan bahwa penyebaran KPM BLT-DD telah merata di setiap jorong di Nagari Andaleh.  Setelah melalui musyawarah dan mufakat, Musnag menetapkan sebanyak 37 KPM BLT-DD untuk tahun 2025.  Keputusan ini diambil setelah mempertimbangkan berbagai aspek dan memastikan penyaluran bantuan tepat sasaran. Musnag ini berjalan lancar dan menghasilkan kesepakatan yang diharapkan dapat memberikan manfaat optimal bagi masyarakat Nagari Andaleh yang membutuhkan.  Proses penetapan KPM BLT-DD ini menjadi bukti komitmen Pemerintah Nagari Andaleh dalam mewujudkan kesejahteraan masyarakatnya.",not_spam
"PENGUMUMAN PEREKRUTAN PERANGKAT NAGARI   PENGUMUMAN Nomor: 01  /TSP-Perangkat/ADL/III-2025     TENTANG   PENDAFTARAN BAKAL CALON PERANGKAT NAGARI ANDALEH KECAMATAN LUAK KABUPATEN LIMA PULUH KOTA   Sehubungan dengan adanya kekosongan pada Jabatan Kepala urusan (Kaur) Tata Usaha dan Umum Nagari Andaleh Kecamatan Luak Kabupaten Lima Puluh Kota dan sesuai dengan Peraturan Wali Nagari Andaleh Nomor 1 Tahun 2024 Tentang Tata Cara Pelaksanaan Seleksi Calon Perangkat Nagari, maka diumumkan kepada seluruh lapisan masyarakat Nagari Andaleh sebagai berikut :   Diberikan kesempatan kepada penduduk Nagari Andaleh yang memenuhi syarat untuk diangkat menjadi Perangkat Nagari Andaleh 1 (Satu) Orang untuk Jabatan Kepala urusan (Kaur) Tata Usaha dan Umum . Pendaftaran Bakal Calon Perangkat Nagari Andaleh Kepala urusan (Kaur) Tata Usaha dan Umum dibuka pada tanggal 06 d 14 Maret 2025. Persyaratan: Persyaratan Umum : Berpendidikan paling rendah Sekolah Menengah Umum atau yang sederajat; Berusia 20 (dua puluh) tahun sampai dengan 42 (empat puluh dua) tahun; dan Memenuhi kelengkapan persyaratan administrasi. Persyaratan Khusus : Memahami kondisi Nagari; Mampu berkomunikasi dan memahami bahasa dan budaya Nagari; Bisa mengoperasikan komputer Minimal Ms. Word dan Ms. Exel.   4. Kelengkapan Administrasi : A. Kartu Tanda Penduduk atau Surat keterangan tanda penduduk; B. Surat Pernyataan Bertakwa kepada Tuhan Yang Maha Esa diatas kertas bermaterai; C. Surat Pernyataan memegang teguh dan mengamalkan Pancasila, Undang-Undang Dasar Negara Republik Indonesia Tahun 1945, mempertahankan dan memelihara keutuhan Negara Kesatuan Republik Indonesia dan Bhinneka Tunggal Ika diatas kertas bermaterai; D. Ijazah pendidikan dari tingkat dasar sampai dengan ijazah terakhir yang dilegalisasi oleh pejabat berwenang atau surat pernyataan dari pejabat yang berwenang; E. Akta Kelahiran atau Surat Keterangan Kelahiran; F. Surat Keterangan Berbadan Sehat dari Puskesmas atau aparat kesehatan yang berwenang; G. Surat Permohonan menjadi Perangkat Nagari yang dibuat oleh yang bersangkutan diatas kertas bermaterai; H. Surat pernyataan pengunduran diri diatas kertas bermaterai bagi anggota bamus; I. Surat izin dari Wali Nagari bagi staf Nagari; J. Surat Keterangan Berkelakuan Baik (SKCK) dari kepolisian (setelah dinyatakan lulus sebagai perangkat Nagari); K. Pas Photo berwarna terbaru ukuran 4X6 sebanyak 2 lembar. 5.Tata Cara Pendaftaran: Pendaftaran dilakukan sendiri oleh Bakal Calon Perangkat Nagari, tidak dapat diwakilkan.   Hari / Tanggal : Kamis 06 Maret 2025d Jumat 14 Maret 2025 (Hari Kerja). Waktu : pukul 08.00 Wib dan berakhir pukul 15.00 Tempat : Sekretariat Tim Seleksi / Kantor Wali Nagari Andaleh. 6. Surat Permohonan beserta lampiran sebagaimana dimaksud pada angka 4 dibuat sebanyak 2 (dua) rangkap dan dimasukkan ke dalam map/amplop besar tertutup dan ditulis nama Bakal Calon Perangkat Nagari. 7. Setiap pendaftar diberikan tanda terima bahwa berkas sudah diterima oleh Tim Seleksi Pengisian Perangkat Nagari. 8. Contoh formulir dan kelengkapan administrasi pendaftaran Bakal Calon Perangkat Nagari dapat diminta kepada Tim Seleksi Pengisian Perangkat Nagari. 9. Dalam hal terdapat hal-hal yang ingin dikonsultasikan terkait pencalonan dapat menghubungi Tim Seleksi Pengangkatan Perangkat Nagari di Kantor Wali Nagari Andaleh pada jam kerja, dan/atau menghubungi: YULIA HESTI                                              No. Hp. 0852 1614 5546KARTIKA WULANDARI, SE                         No. Hp. 0822 8401 3900 10. Ketentuan Penutup Setiap Keputusan Tim Seleksi Perangkat Nagari bersifat mengikat dan tidak dapat diganggu gugat. Hal – hal yang bersifat teknis dan belum diatur dalam Pengumuman ini akan diatur oleh Tim Seleksi Perangkat Nagari.                                            Demikianlah Pengumuman ini kami sampaikan untuk diketahui oleh kita bersama, atas perhatian diaturkan Terimakasih.           TIM PENJARINGAN DAN PENYARINGAN CALON PERANGKAT KETUA     TTD    YULIA HESTI             JADWAL KEGIATAN TIM SELEKSI PENJARINGAN DAN PENYARINGAN PERANGKAT NAGARI ANDALEHTAHUN 2024   No. URAIAN KEGIATAN Tanggal Pelaksanaan 1 Pelaksanaan Sosialisasi Kepada  Masyarakat Nagari Andaleh 04 – 10 Maret 2025 2 Pendaftaran Bakal Calon 06 – 14 Maret 2025 3 Penelitian Kelengkapan Administrasi dan Klarifikasi Bakal Calon 14 Maret 2025 4 Pengumuman Calon Lulus Seleksi Administrasi 17 Maret 2025 5 Seleksi Ujian Tertulis 19 Maret 2025 6 Pengumuman Hasil Ujian Tertulis 19 Maret 2025 7 Seleksi Ujian Praktek (Komputer, Mengaji, MC/Pidato) 20 – 21 Maret 2025 8 Pengumuman Hasil Ujian Praktek 24 Maret 2025 9 Seleksi Ujian Wawancara 25 Maret 2025 10 Pengumuman Calon terpilih 25 Maret 2025               TIM PENJARINGAN DAN PENYARINGAN CALON PERANGKAT KETUA   TTD   YULIA HESTI            ",not_spam
"Posyandu Kenanga 2 Maret Ceria Selamat pagi....😁 Pada pukul 06:30 Kami melaksanakan persiapan Posyandu, menyapu, membereskan tempat kegiatan dan memberitahu kepada ibu balita, ibu hamil, lansia dan kepada masyarakat melalui micropon musholla dan memberikan tugas masing-masing kader. Setelah itu kami melakukan pendaftaran, penimbangan, pencatatan, penyuluhan, pengukuran tensi dan imunisasi. Dan juga mendaftarkan lansia untuk malakukan pemerikasaan kesehatan di puskesmas. Setelah kegiatan selesai kami melakukan pengisian Administrasi Posyandu. Alhmdulillah di pukul 10:57 WIB sudah selesai dan kehadiran anak-anak  kami mencapai 100%😎 Kami ucapkan terimakasih kepada ibu balita, ibu hamil dan lansia yang telah berpartisipasi dalam kegiatan Posyandu bulan ini sampai jumpa di Posyandu bulan depan. Salam Sehat....😁😁  ",not_spam
"Posyandu aster 2 Posyandu aster 2 tanggal 11 Maret 2025. H-1 membersihkan tempat posyandu dan mempersiapkan perlengkapan posyandu dan mengumumkan di mesjid atau melalui wa grup. Kegiatan posyandu dilaksanakan pada pukul 08:30 . Dimulai dengan pengisian absen dilanjutkan dengan penimbangan, pengukuran berat badan dan penyuluhan. Pada bulan Maret  jumlah sasaran 19 balita dan 1 bumil, sasaran yang hadir 17 balita dan 1 bumil. Sasaran yang tidak hadir dengan kendala keluar kota dan sakit. Pada kegiatan Posyandu Maret ini dihadiri oleh dr. Riska yang memebrikan penyuluhan kepada ibu hamil dan ibu yang mempunyai bayi balita. Kegiatan ini ditutup dengan pemberian PMT kepada ibu hamil dan bayi balita yang hadir.",not_spam
"Posyandu Kemuning Bulan Maret Jorong Tabek Buruak Kegiatan Posyandu kemuning dilakukan pada pukul 8.30 s/d 11.30  Sasaran 39 bayi dan balita, 4 orang bumil, sasaran yang datang belum 100 % karena hari hujan dan ada juga anak yang lagi demam jdi utk tindak lanjut di lakukan kunjungan rumah oleh kader pada esok harinya.",not_spam
"Posyandu Aster 1 Pincuran Gadang Tanggal 11-03-2025 hari selasa sebelum posyandu kami mempersiapkan tempat posyandu, membersihkan tempat kegiatan dan memberitahukan kepada ibu balita, ibu hamil, lansia melalui grup wa dan sekalian membagi tugas masing-masing kader. Tanggal 12-03-2025 hari rabu kami membuka pelayanan posyandu pada jam 08.30 yang dimulai dengan pendaftaran, penimbangan, pengukuran, pencatatan, penyuluhan, imunisasi, pemberian pmt dan mendaftarkan lansia untuk melakukan pemeriksaan kesehatan di puskesmas. Setelah kegiatan selesai kami melakukan pengisian administrasi posyandu. Alhamdulillah kegiatan posyandu kami mencapai 100% yang dihadiri 18 anak dan 1 orang ibu hamil.",not_spam
"Kenanga 1 Assalamu'alaikum..  Selamat pagi...  Pada pukul 06.30,kami sebelum posyandu kami mempersiapkan tempat, mulai dari bersih bersih menyapu, ngepel, menggelar tikar dan tak lupa pula kami menghimbau kepada ibu ibu balita, ibu hamil, lansia dan masyarakat melalui seruan pakai mikrofon mesjid dan juga dari pesan mulut ke mulut dan tak lupa pula bagi tugas masing masing kader.  Setelah itu kami melaksanakan kegiatan posyandu mulai dari pendaftaran, penimbangan, pencatatan, penyuluhan, pemeriksaan tensi dan imunisasi.Dan juga pendaftaran lansia yang datang cek kesehatan.  Alhamdulillah kegiatan kami siap pukul 10.45.selesai kegiatan kami lansung mengisi buku administrasi posyandu ( buku 13 )  Wasalam Terima  kasih Kader posyandu",not_spam
"Posyandu Melur tarok, Assalamualaikum Wr Wb, Pada pagi kamis jam 06.00 wib, ibu kader merebus telur untuk Penyediaan PMT dan anak Stunting. Dan diberitahukan kepada masyarakat melalui mikrofon di mesjid dan wa grup. Sebelum kegiatan posyandu dimulai,  ibu kader menyiapkan tempat dan peralatan untuk posyandu. Sekaligus menyiapkan PMT dan membagi tugas kader. Pada pukul 08.00 wib kegiatan posyandu di mulai. Kami melakukan kegiatan pendaftaran, penimbangan,pencatatan, pelayanan dan penyuluhan, pemeriksaan ibu hamil dan lansia. Setelah kegiatan selesai kami melakukan pengisian administrasi posyandu.  Alhamdulillah pada pukul 12.00 wib, sudah selesai kegiatan posyandu dan kehadiran anak mencapai 86%. Dan terimakasih kami ucapkan kepada ibu balita, ibu hamil, dan lansia yg telah berpartisipasi dalam kegiatan posyandu bulan ini. See you next again....!  ",not_spam
"Kegiatan posyandu flamboyan Assalamualaikum Selasa,11 Maret 2025 Kami kader memberitahu pada ibu sasaran baik itu bayi,balita,lansia bahwa kita melakukan kegiatan posyandu hari kamis 13 Maret 2025 lewat WA group jorong baliak bukik dan pesan berantai. Rabu,12 Maret 2025 Kader mempersiapkan bahan ntuk PMT sekaligus membersihkan tempat ntuk posyandu. Kamis,13 Maret 2025 Siap sholat subuh,kader yang piket bulan ini membuat PMT. Jam 08.30 Wib Kader yang tidak piket sudah berada di tempat posyandu ntuk mempersiapkan tempat sekaligus pembagian tugas ntuk hari ini dan mengulang kembali himbauan lewat mikrofon mesjid Nurul iman. Jam 09.00 Wib Posyandu sudah siap ntuk dimulai. Pukul 09.30 sasaran sudah mulai datang,sasaran kami bulan ini bayi balita 23 anak, dan ibu hamil 1 orang,stunting 4 anak,kader melakukan pendaftaran,penimbangan,pencatatan,penyuluhan,pengukuran tensi.Bayi balita yang hadir 74 %,ibu hamil 100%,lansia yang hadir 3 orang,anak stunting hadir semuanya. Bulan ini posyandu flamboyan di kunjungi oleh pemerintahan nagari Andaleh dan bidan tenaga gizi puskesmas Mungo. Jam 12.00 Wib Alhamdulillah kegiatan sudah siap dan seluruh kader melakukan pengisian buku administrasi. Kami ucapkan terima kasih pada ibu balita,ibu hamil,lansia yang sudah berpartisipasi dalam kegiatan posyandu bulan ini, sampai jumpa di posyandu bulan depan. SALAM SEHAT........  ",not_spam
"Kegiatan posyandu DELIMA jorong K.koto Selamat pagi, salam sejahtera untuk kita semua.. 😊 Pada hari ini tanggal 13-Maret- 2025, kami kader poayandu di jorong kapalo koto akan melaksanakan posyandu yang kami mulai pukul 07.00 Wib. Kami memulai kegiatan dengan mempersiap kan terlebih dahulu tempat untuk di laksanakan nya posyandu, menata meja, memberitahukan dan menghimbau kepada ibu balita, ibu hamil dan lansia untuk dapat menghadiri kegiatan posyandu yang rutin di laksanakan setiap bulannua melalu pengeras suara yang ada di masjid.  Setelah itu kami melakukan pendaftran, penimbangan, pencatatan, penyuluhan,dan imunisasi kepada ibu hamil dan balita yang sudah hadir di posyandu. Untuk lansia kami melakukan penimbangan, pengukuran tensi dan mendaftarkan lansia untuk melakukan pemeriksaan ke puskesmas. Setelah kegiatan posyandu selesai, kami melakukan pengisian buku administrasi posyandu, alhamdulillah kegiatan posyandu kami selesai pada pukul 12.30 Wib. Kami dari kader posyandu delima mengucapkan terimakasih kepada ibu balita, ibu hamil dan lansia yang sudah datang menghadiri dan ikut berpartisipasi dalam kegiatan posyandu kita pada bulan ini, kami selaku kader posyandu Delima jorong Kapalo Koto menghimbau kepada masyarakat untuk dapat selalu ikut berpartisipasi dalam kegiatan posyandu yang rutin di adakan setiap bulannya.  Salam sehat untuk kita semua 😊😊",not_spam
"ALUR LAYANAN MANDIRI NAGARI Alur Pengajuan : Pemohon login ke sistem Layanan Desa Mandiri Nagari  Andaleh Pemohon mengunggah berkas sesuai persyaratan layanan (hanya sekali) Pemohon mengisi form permohonan secara online sesuai layanan yang dipilih Petugas akan melakukan verifikasi permohonan Pemohon bisa mencetak Mengambil surat ke kantor wali tanpa tunggu dan antri.   Pembuatan Akun Datang ke Kantor wali Nagari Membawa Smartphone Pada Jam Kerja (Senin - Jum'at)  Atau Hubungi Petugas :  ",not_spam
"Laporan Realisasi APBnag 2024 -",not_spam
"Laporan Realisasi APBnag 2023 -",not_spam
"Laporan Realisasi APBnag 2022 -",not_spam
"Laporan Realisasi APBnag 2021 -",not_spam
"Laporan Realisasi APBnag 2020 -",not_spam
"PENGUMUMAN HASIL SELEKSI ADMINISTRASI      ",not_spam
"PENGUMUMAN HASIL SELEKSi TERTULIS       ",not_spam
"PENGUMUMAN HASIL SELEKSI PRAKTEK  ",not_spam
"PENGUMUMAN HASIL SELEKSI WAWANCARA    ",not_spam
"TIM SAFARI RAMADHAN SUMBAR 1 KUNJUNGI NAGARI ANDALEH Tim Safari Ramadhan Sumbar 1 yang di pimpin langsung oleh Bapak Gubernur Sumatera Barat Buya Mahyeldi Ansharullah mengunjungi masyarakat Nagari Andaleh Kamis 20 Maret 2025. Rombongan didampingi oleh Wakil Bupati Kabupaten Lima Puluh Kota Bapak Ahlul Badrito Resha, SH. Selain itu ikut serta dalam rombongan Kepala Dinas Pendidikan Provinsi Sumatera Barat, Bank Nagari Sumatera Barat, Kabiro Kesra, Camat Luak, Kapolsek Luak dan PJ. Wali Nagari Andaleh. Dalam kunjunganya Gubernur Sumatera Barat diawali itikaf di Masjid Nurul Ihsan Jorong Kapalo Koto, selanjutnya pada pukul 03.30 WIB Buya Mahyeldi beserta rombongan melakukan sahur bersama di salah satu rumah masyarakat yaitu Bpk. Hasbet di Jorong Baliak Bukik, hal ini tidak diketahui oleh pemilik rumah sehingga membuat pemilik rumah kaget dengan kedatangan Gubernur, begitupun dengan masyarakat sekitar yang kaget dengan kedatangan Tim Safari Ramadhan Sumbar 1. Selain sahur bersama Gubernur juga memberikan bantuan Rehab Rumah melalui Baznas Provinsi Sumatera Barat dan Bank Nagari. Harapan Buya Mahyeldi bantuan ini dapat membantu perbaikan rumah dari Bpk Hasbet.  Setelah melakukan sahur bersama di kediaman Bpk. Hasbet rombongan bertolak kembali ke Masjid Nurul Ihsan Kapalo Koto untuk melakukan sholat subuh berjamaah dilanjutkan tausiyah dari Buya Mahyeldi. Rangkaian safari ramadhan ditutup dengan penyerahan bantuan untuk Masjid Nurul Ihsan Jorong Kapalo Koto yang diserahkan oleh Ketua Baznas Provinsi Sumatera Barat dan Kepala Dinas Pendidikan Provinsi Sumetra Barat.",not_spam
"IKATAN BIDAN INDONESIA (IBI) KECAMATAN LUAK BAKTI SOSIAL DI NAGARI ANDALEH Ikatan Bidan Indonesia (IBI) ranting Kecamatan Luak melaksanakan Bakti Sosial di Nagari Andaleh Jumat 24 Maret 2025. Kegiatan ini dilakukan dalam rangka bulan suci Ramadhan dan menyambut Idul Fitri 1446 H. Dalam kegiatan ini turut hadir Ibuk Wilda Reflita, S.ST.,MM selaku Ketua IBI Kabupaten Lima Puluh Kota, Kepala Puskesmas Mungo Drg. Meylita Wise Utami dan PJ. Wali Nagari Andaleh Syaiful Wahid, S.I.P. serta pengurus IBI ranting kecamatan luak. Kegiatan ini bertujuan menyantuni masyarakat yang kurang mampu di Nagari Andaleh, adapun dalam bakti sosial ini IBI ranting luak menyerahkan sembako berupa beras, minyak dan gula kepada penerima manfaat. Dalam sambuatannya Pj. Wali Nagari Andaleh menyampaikan ucapan terimakasih kepada IBI ranting luak yang telah menjadikan Nagari Andaleh sebagai lokasi Bakti Sosial pada tahun ini, hal ini sangat bermanfaat oleh masyarakat penerima manfaat serta ladang pahala bagi pengurus dan anggota IBI ranting luak. Dalam kesempatan yang sama Kepala Puskesmas Mungo Drg. Meylita Wise Utami menyampaikan apresiasi kepada pengurus IBI dan anggota IBI ranting luak atas terlaksananya kegiatan Bakti Sosial ini. Sementara Ketua IBI Kabupaten Lima Puluh Kota yang akrab dipanggil ""Tek Wil"" kegiatan Bakti Sosial ini rutin setiap tahun dilaksanakan dengan kegiatan yang berbeda-beda Alhamdulillah tahun ini berlokasi di Andaleh mudah-mudahan bermanfaat oleh masyarakat Nagari Andaleh. Kegiatan ini ditutup dengan photo bersama dengan penerima manfaat dari Bakti Sosial.",not_spam
"Posyandu kemuning jorong Tabek buruak Posyandu kemuning jorong Tabek buruak ",not_spam
"April punya cerita Selamat pagii...😊 Pada hari ini jam 05:45 kami berkumpul dan membagi tugas .sebagian kami memasak PMT dan sebagian kami ad juga mempersiapkan tempat dan memberitahu kepada ibu balita dan ibu hamil serta lansia dan kepada masyarakat melalui micropon . Pada jam 08:00 kami mulai melakukan kegiatan pendaftaran,penimbangan ,pencatatan ,penyuluhan dan imunisasi serta penimbangan dan pengukuran tensi untuk ibu ibu lansia . Stelah kegiatan selesai kami melakukan pengisian adrimistrasu posyandu .Alhamdulillah di pukul 10:30 wib sudah selesai dan Alhamdulillah anak anak kami hadir semua mencapai 100%. Kami ucapakan terimakasih kepada ibu balita ,ibu hamil dan lansia yg telah berpartisipasi dalam kegiatan posyandu bulan ini ,dan dtunggu bulan depan. Salam sehat selalu 😊",not_spam
"Posyandu kenanga 1 kampuang tangah Asslamu'alaikum wr wb, selamat pagi....  Sebelum kami melakukan kegiatan posyandu kami mempersiapkan tempat, mulai dari bersih - bersih, menyapu, ngepel., menggelar tikar dan tidak lupa pula kami menghimbau kepada ibu ibu balita, bumil dan lansia dan masyarakat melalui seruan pakai mikropon di mesjid dan juga dari pesan mulut ke mulut, dan tidak lupa pula bagi tugas masing - masing kader.  Setelah itu kami melaksanakan dari pendaftaran, penimbangan, pencatatan, penyuluhan,dan imunisasi.  Alhamdulillah kegiatan kami siap pukul 10.35,selesai kegiatan kami langsung mengisi buku administrasi posyandu.  Wassalam Terima kasih Kader Posyandu Kenanga 1",not_spam
"Kegiatan posyandu Delima 10- April-2025 Selamat pagi..☺ Pada pukul 05.00 wib, kami melaksanakan pembuatan PMT di salah satu rumah kader hingga selesai.  Setelah itu pada pukul 07.00 wib kami melakukan himbauan melalui pengeras suara yang ada di masjid, dengan memberitahukan bahwa akan dilaksanakannya posyandu bulanan yang bertempat di Tk Pertiwi Kapalo Koto. Sebagian anggota kader mempersiapkan tempat untuk di laksanakannya posyandu. Pada pukul 08.30 wib kami melakukan pendaftaran, penimbangan, pencatatan, penyuluhan, pengukuran tensi untuk ibu hamil, usia produktif dan lansia, imunisasi Sampai selesai.  Setelah itu kami melakukan pengisian buku 13 secara bersama sama. Setelah selesai kami kembali merapikan tempat dilaksanakan posyandu.  Kami mengucapkan  terimakasih kepada ibu balita, ibu hamil dan ibu bapak lansia yang telah menyempatkan waktu untuk datang ke posyandu Delima Kapalo Koto. Kami mengharapkan untuk kehadirannya di posyandu bulan berikutnya..  Salam sehat untuk kita semua 🙏😊  ",not_spam
"Posyandu Melur 10 April 2025 Lebaran telah usai, kegiatan posyandu pun kembali di mulai. Para ibu hamil, ibu balita dan lansia begitu antusias mengikuti kegiatan posyandu.",not_spam
"posyandu Flamboyan Assalamualaikum...... Salam Sehat, Pada pukul 05.30 wib, kami seluruh kader melaksanakan pembuatan PMT di rumah kader sampai selesai. Pukul 07.35 wib, kami mengulang lagi himbauan melalui pengeras suara di mesjid , media sosial dan perantara dari mulut ke mulut, bahwasanya kegiatan posyandu balita, lansia akan segera di mulai yg bertempat di polindes baliak bukik, sebagian anggota kader mempersiapkan tempat pelaksanaan posyandu. Pukul 09.15 wib, kegiatan posyandu baru di mulai dengan melakukan pendaftaran, penimbangan, pencatatan, penyuluhan, pelayanan dan pengukuran tensi untuk usia produktif serta lansia sampai selesai. Alhamdulillah pukul 12.15 wib semua kegiatan selesai , kami melakukan pengisian buku secara bersama, dan membersihkan tempat kegiatan posyandu kembali. Kami mengucapkan terima kasih kepada ibu balita, bapak ibuk lansia yang telah meluangkan waktunya ntuk hadir dan datang ke posyandu Flamboyan Baliak Bukik. Kami mengharapkan ntuk kedatangannya ke posyandu di bulan depan. Salam Sehat untuk kita semua..........    ",not_spam
"PANDUAN PENGAJUAN SURAT SECARA ONLINE 1.Warga terlebih dahulu meminta didaftarkan akun 'Layanan Mandiri' ke perangkat nagari (bisa dengan datang langsung ke kantor atau dengan menghubungi perangkat nagari) dengan membawa Kartu Keluarga (KK). 2. Setelah akun terdaftar, warga dapat mengakses website ‘Layanan Mandiri’ : https://andaleh-limapuluhkotakab.desa.id/layanan-mandiri/masuk atau mengunduh aplikasi ‘Layanan Desa’ di playstore.   3. Warga dapat melakukan LOGIN di website/aplikasi dengan menggunakan NIK dan PIN yang telah diperoleh saat mendaftarkan akun.   4.Setelah Login, warga dapat mengunggah dokumen pada menu ‘Dokumen’, kemudian pilih ‘Unggah Dokumen Baru’, selanjutnya isi nama dokumen yang akan diunggah dan jenis dokumennya. Lalu pilih dokumen yang akan diunggah dari ponsel atau bisa dengan langsung mengambil gambar dengan kamera, kemudian tekan 'Simpan'.     5. Pengajuan surat secara online sudah dapat dilakukan dengan memilih menu ‘Ajukan Surat’, selanjutnya isi jenis surat yang akan diurus, pesan untuk operator, dan nomor handphone yang aktif, lalu tekan selanjutnya. Kemudian isi kelengkapan dokumen dan data yang diperlukan, lalu tekan ‘Simpan'.         6. Setelah pengajuan surat berhasil, pantau progres surat apakah diterima/ditolak oleh operator dengan memilih ‘Riwayat Permohonan Surat’, lalu lihat di sudut kanan atas surat yang diajukan, akan muncul salah satu keterangan berikut : ‘Sedang Diperiksa’    : Surat sedang diperiksa oleh operator ’Belum Lengkap’      : Terdapat persyaratan yang belum lengkap, silahkan                                        dilengkapi terlebih dahulu, lalu kembali ajukan                                       permohonan surat tersebut. ’Siap Diambil’            : Surat sudah bisa diambil ke kantor ‘Sudah Diambil’        : Surat telah diambil oleh pemohon         ",not_spam
"Aster 2 jorong Galo gandang Pada hari Senin tanggal 05/mei/2025 kami sebagai kader mulai membersih kan kantor jorong tempat posyandu dan pada sore hari nya pak jorong menyeruh kan di mesjid dan di grup wa bahwa hari Selasa kita mengadakan posyandu balita dan posyandu lansia.dan pagi Selasa menjalang posyandu kader mempersiapkan alat posyandu dan absen dan di ulang lagi menyeruh kan di mesjid oleh pak jorong jam 9 pagi kami mulai melakukan kegiatan posyandu balita dan lansia dan juga pemeriksaan bumil dan juga mengadakan CLAS ibu balita bidan dari puskesmas  dan penyuluhan oleh bidan tentang penyakit DBD dan TB setelah selesai penimbangan balita baru kader membuat laporan kegiatan.dan terima kasih kami ucap kan kepada ibu balita dan lansia yg telah hadir di posyandu🙏🙏",not_spam
"Kegiatan Posyandu Delima Kapalo Koto Pada hari Rabu tanggal 07/mei/2025 kami sebagai kader mulai mempersiapkan bahan² untuk PMT balita dan lansia dan memberitahukan jadwal posyandu kepada sasaran melalui group WhatsApp dan dari mulut kemulut. Pagi kamis Jam 05.00 sebagian kader  membuat PMT dan sebagian mempersiapkan tempat serta alat² untuk posyandu. Memberi himbauan melalui pengeras suara di mesjid oleh pak jorong, dan jam 08.00 pagi kami mulai melakukan kegiatan posyandu balita dan lansia dan juga pemeriksaan bumil dan juga mengadakan CLAS ibu balita mengenai kesehatan gigi oleh dokter gigi dari puskesmas dan pemeriksaan gula darah oleh bidan. setelah selesai penimbangan balita baru kader membuat laporan kegiatan.dan terima kasih kami ucap kan kepada ibu balita dan lansia yg telah hadir di posyandu🙏🙏",not_spam
"MUSNAG ID (Indeks Desa) & MUSNAG PERUBAHAN ANGGARAN TAHUN 2025 Andaleh, —  Nagari Andaleh, Kecamatan Luak, Kabupaten Lima Puluh Kota, menggelar Musyawarah Nagari (Musnag) pada Kamis,08-05-2025 yang membahas peningkatan Indeks Desa Membangun (IDM) dan perubahan Anggaran Pendapatan Belanja Nagari (APB) tahun 2025.  Musyawarah yang dipimpin Ketua Badan Musyawarah Nagari (Bamus) Yusrizal ini dihadiri oleh unsur penting pemerintahan dan masyarakat.  Tampak hadir Camat Luak Bapak M. Akbar, Pendamping Desa/Pendamping Lokal Desa (PD/PLD) Kecamatan Luak, Wali Nagari, Bamus dan Pimpinan Bamus, Babinsa, Bhabinkamtibmas, perwakilan kepala sekolah se-Nagari Andaleh,  Rukun Desa (RDs), perwakilan ketua kelompok tani, perangkat dan jorong se-Nagari Andaleh, serta tokoh masyarakat. Dalam Musnag tersebut dilaporkan peningkatan IDM Nagari Andaleh dari kategori maju menjadi Mandiri.  Kenaikan ini menunjukkan kemajuan signifikan dalam pembangunan di Nagari Andaleh.  Namun,  Musnag juga menyepakati perubahan APB Nagari 2025 untuk menyesuaikan dengan prioritas pembangunan nasional yang ditetapkan Presiden Indonesia terkait ketahanan pangan.  Perubahan ini difokuskan pada program-program yang mendukung peningkatan produksi dan aksesibilitas pangan di Nagari Andaleh.   Kehadiran berbagai elemen masyarakat dalam Musnag ini menunjukkan komitmen bersama dalam membangun Nagari Andaleh yang lebih maju dan sejahtera.  Perubahan APB yang berfokus pada ketahanan pangan diharapkan mampu memberikan dampak positif bagi peningkatan kesejahteraan masyarakat Nagari Andaleh.Payakumbuh, —  Nagari Andaleh, Kecamatan Luak, Kabupaten Lima Puluh Kota, menggelar Musyawarah Nagari (Musnag) pada [Tanggal Musyawarah] yang membahas peningkatan Indeks Desa Membangun (IDM) dan perubahan Anggaran Pendapatan Belanja Nagari (APB) tahun 2025.  Musyawarah yang dipimpin Ketua Badan Musyawarah Nagari (Bamus) Yusrizal ini dihadiri oleh unsur penting pemerintahan dan masyarakat.  Tampak hadir Camat Luak Bapak M. Akbar, Pendamping Desa/Pendamping Lokal Desa (PD/PLD) Kecamatan Luak, Wali Nagari, Bamus dan Pimpinan Bamus, Babinsa, Bhabinkamtibmas, perwakilan kepala sekolah se-Nagari Andaleh,  pengurus Rumah desa sehat(RDs), perwakilan ketua kelompok tani, perangkat dan jorong se-Nagari Andaleh, serta tokoh masyarakat. Dalam Musnag tersebut dilaporkan peningkatan IDM Nagari Andaleh dari kategori maju menjadi mandiri.  Kenaikan ini menunjukkan kemajuan signifikan dalam pembangunan di Nagari Andaleh.  Namun,  Musnag juga menyepakati perubahan APB Nagari 2025 untuk menyesuaikan dengan prioritas pembangunan nasional yang ditetapkan Presiden Indonesia terkait ketahanan pangan.  Perubahan ini difokuskan pada program-program yang mendukung peningkatan produksi dan aksesibilitas pangan di Nagari Andaleh.   Kehadiran berbagai elemen masyarakat dalam Musnag ini menunjukkan komitmen bersama dalam membangun Nagari Andaleh yang lebih maju dan sejahtera.  Perubahan APB yang berfokus pada ketahanan pangan diharapkan mampu memberikan dampak positif bagi peningkatan kesejahteraan masyarakat Nagari Andaleh.",not_spam
"posyandu flamboyan baliak bukik Assalamualaikum........... Salam sehat, Kamis pukul 04.30 wib, jadwal kader yang piket bulan ini membuat PMT sampai selesai. Pukul 08.00 wib, kami kader yang yang tidak ikut membuat PMT sudah hadir di polindes untuk mempersiapkan tempat pelaksanaan posyandu. kami mengulang lagi himbauan melalui pengeras suara di mesjid, media sosial dan pesan dari mulut ke mulut, bahwasanya kegiatan posyandu balita , lansia akan segera di mulai yang bertempat di polindes baliak bukik. Pukul 09. 27 wib, kegiatan posyandu baru di mulai dengan melakukan pendaftaran , penimbangan , pencatatan , penyuluhan dan pelayanan baik itu pada anak balita dan para lansia. Juga hari ini posyandu flamboyan mengadakan kegiatan kelas ibu balita untuk usia anak 2-5 tahun yang langsung materinya oleh bidan puskesmas mungo bersama dengan bidan desa.Alhamdulillah lansia kami bertambah jumlah hadirnya ke posyandu. Pukul 12.26 wib, alhamdulillah semua kegiatan posyandu balita , lansia dan kelas ibu balita selesai. Kami seluruh kader langsung melakukan pengisian buku dan membersihkan tempat kegiatan kembali. Kami Kader mengucapkan terima kasih kepada ibu balita , bapak ibu lansia yang telah menyempatkan waktunya untuk hadir di kegiatan posyandu flamboyan baliak bukik. Kami mengharapkan untuk kedatangannya ke posyandu di bulan depan. Salam Sehat untuk kita semua......  ",not_spam
"PEMBAGIAN BLT DD TAHAP II Pada Hari Jum'at, 09 Mei 2025 telah dilaksanakan pembagian Bantuan Langsung Tunai Dana Desa (BLT DD) tahap II di Kantor Wali Nagari Andaleh. Jumlah Keluarga Penerima Manfaat (KPM) sebanyak 37 orang, sesuai dengan hasil yang ditetapkan pada Musnag penetapan KPM pada 26 Februari 2025 lalu. Acara pembagian BLT DD ini dimulai pada jam 10.00 WIB, dengan besaran dana yang diberikan sebesar Rp 900.000,-/orang. Dana tersebut merupakan dana bantuan untuk bulan April-Juni 2025, dengan jumlah setiap bulannya Rp 300.000,-. Acara tersebut dihadiri oleh Bapak Wali Nagari Andaleh, Ibu Sekretaris Nagari, Kepala Urusan Keuangan Nagari, dan Kepala Seksi Kesejahteraan Nagari. Penyaluran BLT DD ini sangat diharapkan dapat memberikan manfaat bagi penerima seperti membantu dalam memenuhi kebutuhan sehari-hari, membantu dana pengobatan bagi yang sakit, dan lainnya. Para penerima manfaat juga mengucapkan terimakasih kepada pihak terkait dan akan memanfaatkan dana bantuan sesuai dengan kondisi yang diperlukan. Acara pembagian BLT DD tahap II ini berjalan dengan lancar dan selesai pada jam 11.00 WIB, dana berhasil disalurkan kepada seluruh KPM. Pemerintah nagari berharap BLT DD ini akan berkelanjutan sehingga dapat meringankan beban masyarakat yang membutuhkan.    ",not_spam
"Posyandu kenanga 2 bulan mei Selamat pagi ...pagi hari di bulan mei. Pada hari ini jam 05 : 55 sperti biasa kami berkumpul dan membagi tugas sebagian kami memasak PTM dan sebagian kami ada juga  mempersiapkan tempat dan memberitahu kepada ibu balita dan ibu hamil serta lansia dan kepada masyarakat melalui micropon. Pada jam 08: 00 kami mulai melakukan kegiatan pendaftaran  ,penimbangan ,pencatatan , penyuluhan dan imunisasi serta penimbangan dan pengukuran tensi untuk ibu ibu lansia. Stelah kegiatan selesai kami melakukan pengisian adrimistrasi posyandu Alhamdulillah pukul 11:00  wib sudah selesai dan Alhamdulillah anak anak kami hadir. Kami ucapkan terimakasih kepada ibu balita ,ibu hamil dan lansia yg telah berpartisipasi dalam kegiatan posyandu bulan ini,dan ditunggu bulan depan..trimakasih atas kerja sama . Salam sehat selalu.",not_spam
"Kenanga 1 Assalamu'alaikum..  Selamat pagi.. Hari ini tgl 14-5-2025, kami kader kenanga 1 jorong kp tangah, nagari andaleh mengadakan kegiatan posyandu terintegrasi sesuai dengan program pelayanan puskesmas ILP. Posyandu membuka pelayanan untuk semua kelompok umur yaitu, bayi balita, remaja, usia produktif dan lansia 1.posyandu balita kegiatan yg dilaksanakan adalah penimbangan berat badan, pengukuran panjang badan atau inggi badan, ddtk, imunisasi, dan penyuluhan ibuk balita 2.ibu hamil, pemeriksaan ibu hamil dan penyuluhan serta pemberian pmt ibu hamil 3.pemeriksaan pada usia produktif,  4.pemeriksaan lansia yaitu, bb, tinggi badan, tekanan darah dan pemberian pmt lansia 5.kader membuat laporan 6.posyandu selesai jam 11 7.penutup Wassalamu'alaaikum wr wb",not_spam
"MASYARAKAT ANDALEH ANTUSIAS DENGAN KEGIATAN VAKSINASI RABIES MASSAL Pusat Kesehatan Hewan (Puskeswan) Unit Pakan Sabtu Kecamatan Luak bersama Perangkat Nagari Andaleh mengadakan Vaksinasi Rabies Massal di Nagari Andaleh. Kegiatan ini berlangsung selama 3 (tiga) hari yang dimulai pada hari Rabu 14 Mei 2025 sampai dengan Jumat 16 Mei 2025. Digagas oleh Petugas Puskeswan Unit Pakan Sabtu kegiatan ini bertujuan untuk meminimalisir penyebaran virus rabies di Nagari Andaleh. Sebelum kegiatan dimulai drh. Angraini Lidia Puspasari selaku Koordinator Puskeswan Unit Pakan Sabtu menyampaikan kegiatan ini bertujuan untuk meminimalisir penyebaran virus rabies di Kecamatan Luak khususnya di Nagari Andaleh. Kegiatan ini dilakukan secara “door to door“ sehingga masyarakat terfasilitasi untuk memvaksin hewan peliharaannya terutama kucing dan anjing. Dengan sistem “door to door“  Petugas Puskeswan dibagi dalam beberapa tim yang langsung didampingi oleh Kepala Jorong masing-masing masyarakat menjadi antusias untuk memvaksin hewan peliharaannya. Pada saat kegiatan salah seorang warga Jorong Kapalo Koto Ibu Neni Triana menyampaikan ucapan terimakasih kepada Petugas Puskeswan dan Pemerintah Nagari yang telah menfasilitasi kegiatan Vaksin Massal ini karena sangat membantu masyarakat yang memiliki hewan peliharaan. Senada dengan yang disampaikan masyarakat Wali Nagari Andaleh melalui Sekretaris Nagari Ibu Yulia Hesti juga menyampaiakan ucapan terimakasih kepada Koordinator dan Petugas Puskeswan Unit Pakan Sabtu yang telah melaksanakan kegiatan Vaksinasi Rabies Massal di Nagari Andaleh dengan harapan penyebaran virus rabies di Andaleh khususnya dapat diminimalisir. Kedepan dihimbau kepada masyarakat terutama yang memiliki hewan peliharaan kucing dan anjing untuk dapat menjaga kebersihan makanan dan lingkungan dari hewan peliharaan dan melaksanakan vaksin secara berkala, segera laporkan kepada Perangkat Nagari atau langsung ke petugas Puskeswan Unit Pakan Sabtu jika terdapat kucing atau anjing terindikasi virus rabies.",not_spam
"GERAK CEPAT PEMERINTAH KABUPATEN LIMA PULUH KOTA ATASI DARURAT BENCANA DI NAGARI ANDALEH Andaleh, 19 Mei 2025 Pukul 17.45 Wib telah terjadi musibah angin punting beliung yang menimpa Rumah saudara Yusrizal beralamat di jorong Baliak Bukik.  dalam peristiwa  tersebut mengakibatkan terangkatnya atap rumah tersebut, Tidak ada korban Jiwa dalam peristiwa tersebut, namun kerugian di perkiraan sekitar 6jutaan. Keesokan harinya 20 Mei 2025, Wakil Bupati Lima puluh Kota Ahlul Badrito Resha,SH dan jajaran datang langsung meninjau ke lokasi dengan Jajarannya Seperti Kadis Sosial, BPBD, BAZNAS Kabupaten Lima Puluh Kota serta Camat Kecamatan Luak Bapak M Akbar, Pj Wali Nagari Andaleh Bapak Syaiful Wahid, S. I. P dengan membawa Bantuan tanggapan darurat dan lansung diserahkan kepada Korban Bencana Alam.   ",not_spam
"MUSNAGSUS PEMBENTUKAN KOPERASI MERAH PUTIH (KMP) ANDALEH Selasa, 27 Mei 2026 Badan Musyawarah (BAMUS) Nagari Andaleh melaksanakan Musyawarah Nagari Khusus (MUSNAGSUS) dalam rangka pembentukan Pengurus Koperasi Merah Putih Andaleh. Kegiatan ini berdasarkan Instruksi Presiden Nomor 9 Tahun 2025 tentang Percepatan Pembentukan Koperasi Desa Merah Putih dan Surat Edaran Mentri Desa dan Pembangunan Daerah Tertinggal nomor 6 Tahun 2025 tentang Petunjuk Teknis Percepatan Pelaksanaan Pembentukan Koperasi Desa Merah Putih. Musnagsus di pimpim langsung oleh unsur Pimpinan Bamus turut hadir dalam tamu undangan Dinas DPM/D, Dinas Perdagangan Koperasi UKM, TAPM Kabupaten Lima Puluh Kota, Camat Luak PD/PLD Kecamatan Luak, Pj. Wali Nagari, Andaleh, Babinsa/Bhabinkantibmas, Petugas Penyuluh, Kepala Lembaga Nagari, Pengurus Kelompok Tani dan Tokoh Masyarakat Nagari Andaleh. Dalam sambuatanya Pj. Wali Nagari menyampaiakan apresiasi kepada Badan Musyawarah Nagari Andaleh yang telah melaksanakan Musnagsus ini sebagai implementasi Instruksi Presiden Prabowo Subianto dan Surat Edaran Mentri Desa dan Pembangunan Daerah Tertinggal. Dalam pelaksanaannya Koperasi Merah Putih merupakan Lembaga yang akan membantu masyarakat dan tidak akan menjadi pesaing dalam usaha masyarakat.  Kepala Dinas Koperasi UKM Kabupaten Lima Puluh Kota yang diwaikili oleh ibu Sefrina Dewi, S.E menyampaiakan bahwa tujuan pembentukan KMP ini adalah untuk memutus rantai tengkulak yang ada ditengah-tengah masyarakat dan meningkatkan kesejahteraan masyarakat khususnya dibidang ketahanan pangan. Dalam musyawarah ini di sepakati untuk kepungurusan Koperasi Merah Putih Andaleh sebagai berikut : Badan Pengawas : Wali Nagari Andaleh Ketua BAMUS Nagari Andaleh N. Dt. Marajo Sati   Pengurus : Ketua              : Yuli Warman Wakil 1            : Dinda Kurni Shafitri Wakil 2            : Peni Sekretaris        : Suci Hayati Bendahara       : Irna Setelah terbentuknya kepengurusan Koperasi Merah Putih ini semua masyarakat berhak untuk menjadi anggota dari KMP ini. Dengan harapan kedepannya Koperasi Merah Putih Andaleh ini dapat menjadi salah satu jembatan bagi masyarakat dalam meningkatkan kesejahteraan.",not_spam
"Posyandu kemuning jorong Tabek buruak Posyandu kemuning jorong Tabek ",not_spam
"Kenanga 2 di Juni ceria Selamat pagi .. Sdah tiba saat nya kita posyandu lagi di tangl 10 Juni 2025 . Seperti biasa di jam 06:00 kami berkumpul dan membagi tugas .sebagian kami ada juga memasak PTM dan sebagian kmi mempersiapkan tempat dan memberitahukan kepada ibu balita dan ibu hamil serta lansia dan kepada masyarakat . Pada jam 08:10  kami mulai melakukan kegiatan pendaftaran ,penimbangan ,pencatatan ,penyuluhan dan imunisasi serta penimbangan dan pengukuran tensi untuk ibu ibu lanjut usia dan kepada masyarakat. Stelah kegiatan selesai kami melakukan pengisian adrimistrasi posyandu ,,,,dan d bulan ini juga ad yg GK hadir Blita kita ,karna ada yg berhalangan tidak bsa mhdiri psyndu Kita. Dan Smga bln bsok bsa 100% lagi .. Kami ucapkan trmaksih kepada ibu balita ibu hamil dan lansia dan juga kpda msyrakat yg telah datang d posyndu kita ..terimakasih atas kerja sama nya Slam sehat semua.",not_spam
"Kenanga 1 kampung tangah Assalamu'alaikum selamat pagi, Pada hari ini kami kader posyandu kenanga 1 jorong kp tangah mengadakan kegiatan posyandu integrasi dengan sasaran, balita, usia produktif dan lansia, kegiatan di mulai dengan mempersiapkan tempat,dan peralatan posyandu  Kegiatan yg dilakukan meliputi 1.pengukuran berat badan dan tinggi badan anak balita 2.imunisasi 3.DDTK 4.penyuluhan pada ibu balita 5.pengukuran berat badan, tinggi badan dan teka nan darah pada usia produktif dan lansia 6.pemberian PMT 7.membuat laporan  Demikianlah kegiatan posyandu d jorong kp tangah  hari ini, semoga pelayanan yg d berikan bermanfaat bagi masyarakat Wassalam mu'alaikum wr wb",not_spam
"Posyandu Astet 1 Pagi ini jam 07.00 kami mempersiapkan tempat dan alat posyandu. Setelah itu kami baru melakukan kegiatan posyandu yang dihadiri 100% bayi dan balita, 1 orang ibu hamil dan 26 lansia.",not_spam
"Posyandu Flamboyan Baliak Bukik , 12 Juni 2025 Assalamualaikum Bapak Ibuk........... Pukul 07.15 wib, kami mengulang kembali himbauan di Mesjid kepada masyarakat bahwasanya hari ini kita melakukan kegiatan Posyandu Balita dan Lansia yang bertempat di Polindes Baliak Bukik. Pukul 07.45 wib, kami kader melakukan persiapan tempat dan PMT yang akan di berikan pada Balita dan Lansia serta membagi tugas. Pukul 08.30 wib, kegiatan posyandu baru di mulai ,  dimulai dari pendaftaran, penimbangan dan pengukuran panjang dan tinggi  bayi/balita/lansia serta lingkar kepala bayi balita dan lingkar perut serta pengukuran tensi lansia. Balita bulan ini 21 anak , yang hadir 17 anak sedangkan lansia yang hadir 18 orang. Pukul 12.17 wib, kegiatan kami baru selesai, dilanjutkan dengan pengisian buku administrasi dan membersihkan tempat posyandu kembali. Kami mengucapkan terima kasih pada bapak ibuk balita dan lansia yg telah meluangkan waktunya untuk hadir di kegiatan posyandu.Semoga bulan depan balita kami hadir semuanya dan bapak ibuk lansia bertambah kehadurannya. Salam Sehat ntuk kita semua............ Wassalamu'alaikum Wr.Wb.  ",not_spam
"Kegiatan Posyandu Delima Kapalo Koto, 12 Juni 2025 Pada pukul 07.00 wib kami melakukan pemberitahuan kepada masyarakat bahwa akan dilaksanakan posyandu pada pukul 08.30 wib. Pada pukul 07.30 wib kami melakukan persiapan baik persiapan tempat dan Pmt yang akan di bagikan. Pada balita di lakukan penimbangan dan pengukuran tinggi, sedangkan untuk ibu hamil dan lansia kegiatan yang di lakukan pengukuran tensi dan penimbangan berat badan. Setelah kegiatan siap di lakukan kami memberikan PMT yang sudah di siapkan yaitu Bubur putih dan jeruk untuk balita dan ibu hamil, sedangkan untuk lansia di berikan limping dan buah jeruk. Dan kami memberitahukan untuk kehadiran pada bulan berikutnya.  Setelah kegiatan selesai kami melakukan pengisian buku dan merapikan tempat di laksanakan posyandu.  Kegiatan posyandu delima berakhir pada pukul 12.00 Wib. Salam sehat untuk kita semua🙏  ",not_spam
"APEL GABUNGAN SATLINMAS NAGARI ANDALEH Satuan Pelindung Masyarakat (Satlinmas) Nagari Andaleh melaksanakan Apel Gabungan bersama Perangkat Nagari, Pj. Wali Nagari, Babinsa dan Babinkamtibmas. Apel dilaksanakan pada Jumat 13 Juni 2025 bertempat di Halaman Kantor Wali Nagari Andaleh. Dalam apel perdana ini Pj. Wali Nagari Bapak Syaiful Wahid, S.IP menyampaiak peran Satlinmas sangat penting terkait informasi tentang keamanan dan perlindungan masyarakat. Untuk itu Pj. Wali Nagari menyampaikan harapannya kepada Satlinmas Nagari Andaleh dapat menjalankan tugas dan fungsinya ditengah-tengah masyarakat serta menyampaikan informasi secara berjenjang kepada pimpinan. Apel gabungan ini juga dihadiri oleh Babinsa Nagari Andaleh Bapak Sulaiman Jaya, dalam arahannya menyampaikan kecakapan petugas Satlinmas di Nagari sangat dibutuhkan terkait dengan perlindungan masyarakat, untuk itu Satlinmas dapat menjaga penampilan dan sikap ditengah-tengah masyarakat. Babinkamtibmas Bapak Yosef Purnama juga menyampaiakan peran Satlinmas sebagai informan terkait dengan kejadian ataupun peristiwa yang ada di masyarakat, sehingga peran Satlinmas sangat penting terkait keabsahan informasi. Sebagai informasi Nagari Andaleh memiliki petugas Satlinmas 16 orang, dengan pembagian 2 anggota per jorong, diharpkan kedepannya peran Satlinmas ditengah-tengah masyarakat dapat membantu keamanan dan kenyamanan masyarakat Nagari Andaleh.",not_spam
"PENYAMBUTAN MAHASISWA KKN UNP DI NAGARI ANDALEH DAN REMBUK STUNTING TAHUN 2025              Pada hari Selasa, 17 Juni 2025 pukul 08.00 WIB, telah dilaksanakan Acara Penyambutan Mahasiswa Kuliah Kerja Nyata (KKN) Universitas Negeri Padang (UNP) oleh pihak Nagari Andaleh, Kecamatan Luak, Kabupaten Lima Puluh Kota.              Kegiatan berlangsung di Balai Adat Nagari Andaleh dan dihadiri langsung oleh Camat Luak, Bapak Muhammad Abrar, S.Sos. Beserta perangkat nagari, tokoh masyarakat, serta dosen pembimbing lapangan. Acara diawali dengan sambutan dari Wali Nagari Andaleh yang menyampaikan rasa syukur dan harapan agar mahasiswa KKN dapat membantu pelaksanaan program-program pembangunan nagari, khususnya di bidang digitalisasi nagari, kesehatan, dan pemberdayaan masyarakat. Bapak Muhammad Abrar selaku Camat Luak juga menegaskan pentingnya sinergi antara mahasiswa, masyarakat, dan pemerintah nagari demi tercapainya tujuan KKN yang bermanfaat.             Setelah rangkaian penyambutan selesai, kegiatan dilanjutkan dengan Rembuk Stunting Nagari Andaleh Tahun 2025 yang membahas strategi penanganan dan pencegahan stunting di wilayah Nagari Andaleh. Rembuk stunting ini dihadiri oleh kader kesehatan, ibu-ibu PKK, serta pihak Puskesmas setempat. Dalam diskusi, berbagai rencana aksi disusun bersama agar angka stunting di Nagari Andaleh dapat ditekan secara maksimal. Acara penyambutan dan rembuk stunting ini berakhir sekitar pukul 11.00 WIB dan diharapkan menjadi langkah awal bagi terjalinnya kerja sama yang baik antara mahasiswa KKN UNP dengan masyarakat Nagari Andaleh.   Gambar 1.1 Rembuk Stunting Nagari Andaleh Tahun 2025      Gambar 2.1 Foto Bersama KKN UNP 2025 dengan Camat Luak dan Pihak Nagari Andaleh ",not_spam
"Hari Kedua KKN UNP 2025: Implementasi Program Kerja Pengelolaan Web, Pemetaan Nagari, Pembuatan Ecobrick, dan TOGA di Nagari Andaleh             Pada hari kedua pelaksanaan Kuliah Kerja Nyata (KKN) Universitas Negeri Padang (UNP) tahun 2025 di Nagari Andaleh, mahasiswa mulai mengimplementasikan program kerja unggulan yang telah dirancang sebelumnya. Kegiatan ini difokuskan pada empat bidang utama, yakni pengelolaan website nagari, pemetaan digital wilayah, pembuatan ecobrick, serta penanaman tanaman obat keluarga (TOGA).          Untuk memaksimalkan efektivitas kegiatan, anggota KKN dibagi menjadi tiga kelompok kerja sesuai minat dan kompetensi masing-masing. Kelompok pertama bertugas dalam pengelolaan dan pengembangan website Nagari Andaleh serta pemetaan wilayah secara digital. Tujuan dari kegiatan ini adalah untuk menciptakan sistem informasi nagari yang lebih tertata dan mudah diakses oleh masyarakat, serta memetakan potensi dan data wilayah nagari secara akurat.           Kelompok kedua bertanggung jawab dalam pembuatan ecobrick sebagai bentuk kontribusi nyata dalam pengelolaan sampah plastik. Mahasiswa bekerja sama dalam mengumpulkan limbah plastik dan mengubahnya menjadi ecobrick yang bermanfaat dan ramah lingkungan.          Sementara itu, kelompok ketiga mulai mengerjakan program Tanaman Obat Keluarga (TOGA) dengan memanfaatkan lahan yang tersedia untuk ditanami berbagai jenis tanaman yang bermanfaat bagi kesehatan masyarakat. Program ini bertujuan untuk mendorong pemanfaatan pekarangan sebagai sumber obat alami yang bisa digunakan dalam kehidupan sehari-hari.        Seluruh kegiatan berjalan dengan baik dan terkoordinasi di bawah pengawasan penanggung jawab masing-masing program kerja. Kerja sama antarmahasiswa dan dukungan dari masyarakat nagari menjadi kunci utama kelancaran pelaksanaan kegiatan hari ini.        Program-program tersebut dirancang untuk dilaksanakan secara berkelanjutan selama masa KKN, sehingga manfaatnya dapat dirasakan langsung oleh masyarakat dalam jangka panjang.   Gambar 1. Pengelolaan Web dan Pemetaan Digital Nagari Andaleh     Gambar 2. Penanaman TOGA di Nagari Andaleh   Gambar 3. Ecobrick sebagai upaya pengelolaan sampah plastik di Nagari Andaleh    ",not_spam
"MAHASISWA KKN UNP 2025 MELAKUKAN DISKUSI KESEHATAN DAN PERSIAPAN SKRINING BERSAMA BIDAN NAGARI              Selain menjalankan program kerja utama, pada hari Kamis, 19 Juni 2025, mahasiswa KKN UNP juga berkesempatan berdiskusi dengan Bidan Desa, Ibu Delia Mulyani, di Polindes (Pondok Bersalin Desa). Diskusi ini membahas persiapan pelaksanaan skrining kesehatan masyarakat yang akan segera dilakukan.              Mahasiswa turut melakukan uji coba pengisian QR Screening sebagai simulasi briefing untuk skrining kesehatan, yang meliputi pendataan identitas pasien dan penjadwalan skrining di beberapa lokasi berikut: Waktu  Tempat  Selasa, 24 Juni 2025   Jorong Balik Bukik Rabu, 25 Juni 2025   Jorong Pincuran Gadang Kamis, 26 Juni 2025   Jorong Galo Gadang Senin, 7 Juli 2025   Pemberian Makanan Tambahan untuk anak stunting Selasa, 8 Juli 2025 Posyandu di Tanjuang Baruh, Galo Gandang, Tabek Buruak Rabu, 9 Juli 2025 Posyandu di Kampuang Tangah, Pincuran Gandang Kamis, 10 Juli 2025 Posyandu di Tarok, Kepalo Koto, Balik Bukik               Dengan rangkaian program kerja yang terarah dan kolaborasi yang solid, diharapkan kegiatan KKN UNP 2025 di Nagari Andaleh dapat memberikan dampak positif bagi masyarakat, baik di bidang teknologi informasi, lingkungan, maupun kesehatan. Gambar 1. Dokumentasi Kegiatan   ",not_spam
"Pertemuan Mahasiswa KKN Universitas Negeri Padang di Nagari Andaleh Bersama Perangkat Nagari: Sinergi Awal untuk Pengabdian Masyarakat. Andaleh, 20 Juni 2025 — Mahasiswa Kuliah Kerja Nyata (KKN) Universitas Negeri Padang (UNP) yang ditempatkan di Nagari Andaleh hari ini melakukan pertemuan dengan perangkat nagari. Pertemuan yang berlangsung di kantor Wali Nagari Andaleh ini bertujuan untuk menjalin komunikasi, membahas program kerja, serta membangun sinergi antara mahasiswa dan pemerintahan nagari selama masa KKN berlangsung. Kegiatan ini dihadiri oleh Wali Nagari Andaleh beserta jajaran perangkat nagari, para kepala jorong, serta seluruh mahasiswa KKN UNP yang tergabung dalam kelompok pengabdian di wilayah tersebut. Dalam sambutannya, Wali Nagari menyampaikan apresiasi dan harapan besar terhadap kontribusi mahasiswa KKN dalam membantu mengembangkan potensi dan menyelesaikan permasalahan yang ada di nagari. “Kami sangat menyambut baik kehadiran mahasiswa KKN dari UNP. Kami berharap kehadiran adik-adik bisa memberikan ide-ide yang dapat membangun Nagari Andaleh, kami juga berharap adik-adik bisa betah dan nyaman di nagari Andaleh ini,” ujar Wali Nagari bapak Syaiful Wahid,S.I.P dalam sambutannya. Ketua kelompok KKN UNP, dalam kesempatan yang sama, memaparkan rencana program kerja yang akan dilaksanakan selama lebih kurang satu bulan ke depan. Program-program tersebut meliputi bidang lingkungan, kesehatan, pemberdayaan Masyarakat, kesenian, dan teknologi. Pertemuan ini berlangsung dalam suasana hangat dan penuh semangat kolaboratif. Mahasiswa juga diberi kesempatan berdialog langsung dengan perangkat nagari, guna menyesuaikan program kerja dengan kebutuhan riil masyarakat. Dengan pertemuan ini, diharapkan kerja sama antara mahasiswa KKN UNP dan perangkat Nagari Andaleh dapat berjalan efektif, serta memberi manfaat nyata bagi masyarakat setempat. Foto bersama mahasiswa KKN Andaleh dengan perangkat nagari",not_spam
"Kegiatan Rutin Mengaji Bersama KKN UNP 2025 di Masjid Nurul Iman Baliak Bukik                 Mahasiswa Kuliah Kerja Nyata (KKN) Universitas Negeri Padang (UNP) 2025 melaksanakan kegiatan rutin mengaji bersama di Masjid Nurul Iman Baliak Bukik, Nagari Andaleh. Kegiatan ini diadakan setiap hari, dimulai dengan shalat Magrib berjamaah, dilanjutkan dengan mengaji bersama, dan ditutup dengan shalat Isya berjamaah.                Program ini tidak hanya melibatkan anggota KKN, tetapi juga masyarakat sekitar. Dengan adanya kegiatan mengaji bersama, diharapkan seluruh peserta dapat meraih pahala, mempererat silaturahmi, serta meningkatkan keimanan dan kemampuan membaca Al-Qur’an.                Selain sebagai sarana ibadah, kegiatan rutin ini juga menjadi ajang memperkuat kebersamaan antaranggota KKN. Hubungan dengan masyarakat pun semakin hangat melalui interaksi yang terjalin setiap malam.                Mahasiswa KKN berharap kegiatan ini dapat terus berjalan dengan baik dan berkelanjutan, serta mampu menarik lebih banyak jamaah di waktu mendatang. Dukungan dan partisipasi masyarakat menjadi kunci keberhasilan program ini agar manfaatnya dapat dirasakan bersama.     Gambar 1. Dokumentasi Kegiatan",not_spam
"Membersamai Masyarakat: KKN UNP 2025 Hadiri Kegiatan Wirid di Masjid Nurul Iman Balik Bukik             Mahasiswa Kuliah Kerja Nyata (KKN) Universitas Negeri Padang (UNP) 2025 turut membersamai masyarakat Nagari Andaleh dalam kegiatan wirid rutin yang dilaksanakan di Masjid Nurul Iman Balik Bukik pada Sabtu malam, 21 Juni 2025, pukul 18.00 hingga 20.00 WIB.            Kegiatan diawali dengan shalat Magrib berjamaah, dilanjutkan dengan tilawah Al-Qur’an dan ceramah agama yang mengangkat tema tentang pentingnya beribadah shalat. Setelah itu, kegiatan diakhiri dengan shalat Isya berjamaah.           Wirid ini merupakan agenda rutin masyarakat Nagari Andaleh setiap Sabtu malam. Tujuan pelaksanaannya adalah untuk meningkatkan keimanan bersama sekaligus menjadi sarana silaturahmi antarwarga. Kehadiran mahasiswa KKN UNP di tengah-tengah kegiatan ini diharapkan dapat semakin mempererat hubungan antara mahasiswa dan masyarakat, sekaligus menumbuhkan semangat gotong royong dalam menjalankan kegiatan keagamaan.          Kegiatan positif seperti ini sangat penting untuk terus dilaksanakan dan diikuti oleh seluruh lapisan masyarakat maupun anggota KKN UNP, demi terciptanya lingkungan nagari yang religius, rukun, dan harmonis.    ",not_spam
"Perkuat Kerjasama, KKN UNP 2025 Gelar Diskusi Bersama Perangkat Pemuda Nagari Andaleh            Dalam upaya melancarkan seluruh program kerja selama masa pengabdian di Nagari Andaleh, mahasiswa Kuliah Kerja Nyata (KKN) Universitas Negeri Padang (UNP) 2025 mengadakan diskusi bersama seluruh perangkat pemuda setempat.           Kegiatan ini dilaksanakan pada Sabtu malam, 21 Juni 2025, pukul 20.00 hingga 22.00 WIB. Diskusi tersebut dihadiri oleh Pengurus Kerapatan Adat Nagari Andaleh, Ketua Karang Taruna beserta pengurus, Ketua Pemuda Jorong se-Kenagarian Andaleh beserta anggota, Anggota Sanggar Seni Pusako Andaleh, serta Ketua dan anggota pengelola perpustakaan nagari.          Dalam diskusi ini, para peserta membahas berbagai program kerja yang akan dilaksanakan bersama selama satu bulan masa KKN UNP. Selain itu, kegiatan ini juga menjadi momen penting untuk saling memberikan komitmen dalam menjaga kekompakan dan mempererat hubungan baik antar pemuda di Nagari Andaleh.          Acara ditutup dengan sesi foto bersama dan saling berkenalan guna menyambung tali silaturahmi serta menumbuhkan rasa kebersamaan antara mahasiswa KKN dan pemuda setempat.       Dengan diadakannya diskusi ini, diharapkan seluruh program kerja KKN UNP 2025 dapat berjalan dengan lancar dan memberikan manfaat nyata bagi masyarakat Nagari Andaleh.   Gambar 1. Foto Bersama KKN UNP 2025 dengan Pemuda Nagari  ",not_spam
"Jalan Santai Mahasiswa KKN UNP: Menyapa dan Bersosialisasi dengan Masyarakat Nagari Andaleh, 22 Juni 2025 Pada Minggu, 22 Juni 2025, mahasiswa Kuliah Kerja Nyata (KKN) Universitas Negeri Padang (UNP) mengadakan kegiatan jalan santai bersama di Nagari Andaleh, Kecamatan Luak, Kabupaten Lima Puluh Kota. Kegiatan ini dilaksanakan sebagai bentuk kebersamaan dan upaya untuk mempererat hubungan antara mahasiswa KKN dengan warga setempat. Jalan santai dimulai dari Posko Utama pada pukul 07.30 WIB, menyusuri jalanan nagari sambil menikmati udara pagi yang segar. Suasana penuh keakraban tercipta sepanjang perjalanan. Sambil berjalan, mahasiswa KKN berinteraksi dengan warga, berbincang ringan, sekaligus melakukan operasi semut guna mendukung program kerja Ecobrick yang telah direncanakan sebagai salah satu proker di Nagari Andaleh. Kegiatan ini diharapkan menjadi langkah awal terjalinnya kerja sama yang baik antara mahasiswa KKN UNP dengan masyarakat Nagari Andaleh. Dengan hubungan yang harmonis, berbagai program kerja dapat berjalan lancar dan membawa manfaat nyata bagi nagari. Melalui jalan santai ini, mahasiswa KKN UNP menunjukkan komitmennya untuk membaur dan menjadi bagian dari masyarakat, tidak hanya sebagai pelaksana program kerja tetapi juga sebagai mitra dalam pembangunan nagari. sosialisasi antara mahasiswa KKN Andaleh dengan masyarakat",not_spam
"Anggota KKN UNP Turun Langsung Membantu Masyarakat Memanen Hasil Kebun                Sebagai bagian dari rangkaian kegiatan Kuliah Kerja Nyata (KKN) yang bertemakan sosialisasi dan pengabdian kepada masyarakat, para anggota KKN Universitas Negeri Padang (UNP) kembali menunjukkan kepeduliannya dengan terjun langsung membantu warga sekitar. Pada hari Senin, 23 Juni 2025, beberapa perwakilan anggota KKN UNP mendatangi kebun salah satu petani cabai di Nagari Andaleh untuk bersama-sama memanen hasil kebun. Kegiatan ini dimulai sejak pagi hari, di mana anggota KKN yang hadir dengan penuh semangat langsung berbaur dengan petani dan warga setempat. Mereka membantu memetik cabai yang sudah matang, memilah hasil panen, serta membersihkan lahan kebun dari daun-daun kering dan ranting yang berserakan. Tidak hanya bekerja, para mahasiswa juga berdiskusi dan saling bertukar pengalaman dengan petani mengenai cara perawatan tanaman cabai agar hasilnya maksimal. Partisipasi aktif anggota KKN UNP dalam kegiatan panen ini bukan hanya sekadar membantu petani secara fisik, tetapi juga menjadi sarana untuk mempererat hubungan antara mahasiswa dengan masyarakat sekitar. Kehadiran mahasiswa KKN disambut hangat dan antusias oleh pemilik kebun serta warga lain yang ikut hadir. Mereka merasa sangat terbantu dengan tenaga tambahan yang datang di tengah musim panen yang padat. Selain itu, momen ini juga menjadi bentuk nyata pengabdian mahasiswa kepada masyarakat sesuai dengan tujuan utama pelaksanaan KKN. Para mahasiswa belajar langsung dari lapangan bagaimana bekerja sama dengan masyarakat, memahami permasalahan petani, serta mencari solusi bersama. Tidak jarang, suasana kebun yang biasanya sepi berubah menjadi lebih hidup dengan canda tawa antara mahasiswa dan petani. Pemilik kebun cabai pun mengungkapkan rasa syukur dan terima kasihnya kepada para mahasiswa yang sudah meluangkan waktu untuk turun ke kebun. Ia berharap kegiatan semacam ini dapat terus dilakukan, karena selain membantu meringankan pekerjaan, juga menumbuhkan rasa kebersamaan yang kuat antara mahasiswa dan masyarakat. Dengan adanya kegiatan memanen hasil kebun bersama ini, diharapkan hubungan baik antara anggota KKN UNP dan masyarakat semakin erat. Tidak hanya di kebun cabai, di waktu mendatang diharapkan mahasiswa juga dapat membantu di sektor pertanian lainnya dan kegiatan sosial yang bermanfaat bagi warga. Melalui langkah-langkah kecil seperti ini, KKN UNP berupaya terus menanamkan nilai gotong royong dan kepedulian sosial pada setiap mahasiswanya. Harapannya, para mahasiswa tidak hanya mendapat pengetahuan akademik di bangku kuliah, tetapi juga memiliki kepedulian tinggi terhadap lingkungan sosial di sekitarnya.   Gambar 1. Dokumentasi Kegiatan     Gambar 2. Dokumentasi Kegiatan",not_spam
"SOSIALISASI WEBSITE NAGARI ANDALEH DAN PENDAFTARAN AKUN OLEH MAHASISWA KKN UNP SECARA DOOR-TO-DOOR Andaleh, 23 Juni 2025 – Dalam rangka mendukung digitalisasi pelayanan publik dan meningkatkan literasi digital masyarakat, mahasiswa Kuliah Kerja Nyata (KKN) Universitas Negeri Padang (UNP) yang sedang bertugas di Nagari Andaleh melaksanakan kegiatan sosialisasi Website Resmi Nagari Andaleh dengan metode kunjungan langsung ke rumah-rumah warga. Website Nagari Andaleh dikembangkan sebagai platform layanan dan informasi yang memudahkan masyarakat dalam mengakses berbagai pengumuman, data administrasi, serta layanan surat menyurat secara daring. Namun, karena belum semua warga terbiasa menggunakan teknologi digital, mahasiswa KKN mengambil inisiatif untuk langsung mendatangi warga dan memberikan pendampingan secara personal. Kegiatan ini akan berlangsung selama KKN berlangsung, dengan membagi wilayah menjadi beberapa jorong untuk memastikan semua warga dapat dijangkau. Dalam setiap kunjungan, mahasiswa KKN memberikan penjelasan mengenai fungsi website, cara penggunaannya, serta membantu proses pendaftaran akun pribadi agar warga dapat langsung memanfaatkan layanan daring tersebut. Beberapa fitur yang diperkenalkan kepada warga antara lain: Layanan pengajuan surat keterangan secara online Informasi kegiatan dan pengumuman nagari Data potensi nagari (UMKM, pertanian, dan wisata) Forum komunikasi dan aspirasi masyarakat Kegiatan ini diharapkan dapat meningkatkan partisipasi masyarakat dalam memanfaatkan layanan digital yang telah disediakan, sekaligus mendorong terwujudnya pelayanan publik yang lebih efektif, efisien, dan terbuka di Nagari Andaleh. pembuatan akun website oleh masyarakat di bantu mahasiswa KKN",not_spam
"KKN UNP 2025 Adakan Bimbingan Teknis Bersama Perangkat Nagari Terkait Website dan Pemetaan Nagari Andaleh               Dalam rangka mendukung digitalisasi pelayanan dan perencanaan pembangunan di tingkat nagari, Mahasiswa Kuliah Kerja Nyata (KKN) Universitas Negeri Padang (UNP) 2025 mengadakan kegiatan Bimbingan Teknis (Bimtek) bersama perangkat Nagari Andaleh pada Selasa, 24 Juni 2025, pukul 09.00 hingga 11.30 WIB.               Kegiatan Bimtek ini diwakili oleh empat orang mahasiswa KKN UNP yang terlibat langsung dalam program kerja pengelolaan website dan pemetaan wilayah nagari. Tujuan utama dari kegiatan ini adalah untuk memperkuat pengetahuan serta pemahaman mengenai penggunaan dan pengelolaan Website Resmi Nagari Andaleh, sekaligus melakukan crosscheck terhadap progres pemetaan yang telah dilakukan sebelumnya.                Bimtek berlangsung dengan antusiasme yang tinggi dari pihak perangkat nagari. Selain pemaparan materi, kegiatan juga diisi dengan sesi tanya jawab interaktif untuk menggali kendala serta kebutuhan yang dihadapi dalam pengelolaan sistem digital nagari.              Sebagai langkah lanjutan dari kegiatan ini, mahasiswa KKN UNP juga menyusun dan melakukan proses pembuatan video promosi dan tutorial penggunaan Website Nagari Andaleh, khususnya fitur Layanan Mandiri. Fitur ini memungkinkan masyarakat mengakses berbagai layanan administrasi secara online, sehingga pelayanan publik menjadi lebih efisien dan mudah dijangkau.               Tak hanya melibatkan perangkat nagari, mahasiswa KKN UNP juga mendorong keterlibatan aktif pemuda sekitar dalam kegiatan sosialisasi ke masyarakat. Harapannya, partisipasi generasi muda dapat menjaga keberlanjutan program digitalisasi nagari ini, meskipun nantinya masa tugas mahasiswa KKN UNP telah selesai.               Melalui kegiatan ini, KKN UNP 2025 tidak hanya memberikan kontribusi nyata dalam bidang teknologi dan informasi, tetapi juga berupaya menciptakan kolaborasi berkelanjutan antara mahasiswa, perangkat nagari, dan masyarakat demi kemajuan Nagari Andaleh ke arah yang lebih modern dan adaptif terhadap perkembangan zaman.   Gambar 1. Dokumentasi Kegiatan ",not_spam
"Ruang Ekspresi Budaya Tercipta Lewat Kolaborasi Sanggar Seni Pusako Andaleh dan KKN UNP 2025               Sebagai bentuk kepedulian terhadap pelestarian budaya lokal sekaligus mempererat hubungan dengan masyarakat, mahasiswa Kuliah Kerja Nyata (KKN) Universitas Negeri Padang (UNP) 2025 mengadakan kolaborasi kegiatan kesenian bersama sanggar Seni Pusako Andaleh. Kegiatan ini menjadi salah satu program unggulan KKN UNP 2025 di nagari tersebut dan telah berlangsung secara intensif selama tiga hari berturut-turut.              Kegiatan ini dilaksanakan secara rutin setiap siang hari sekitar pukul 14.00 WIB, dengan melibatkan langsung anggota KKN UNP dan para pegiat seni dari sanggar yang aktif di Nagari Andaleh. Sejak hari pertama, antusiasme luar biasa ditunjukkan oleh seluruh anggota sanggar, baik dari kalangan anak-anak, remaja, hingga pemuda yang selama ini menjadi motor penggerak seni dan budaya di nagari.             Dalam kegiatan ini, mahasiswa KKN tidak hanya menjadi pengamat atau peserta pasif, tetapi terlibat aktif dan berkolaborasi langsung dengan anggota sanggar seni. Mereka bersama-sama berlatih berbagai tarian tradisional yang menjadi identitas budaya lokal. Tak hanya itu, mereka juga menciptakan gerakan-gerakan tarian baru yang merupakan hasil dari diskusi dan eksplorasi kreatif antara kedua pihak. Proses kreatif ini diharapkan dapat menambah warna baru dalam khasanah seni tradisional Andaleh, tanpa menghilangkan nilai-nilai autentiknya.             Tujuan utama dari kegiatan ini bukan sekadar hiburan atau pengisi waktu luang, melainkan sebagai wadah pembelajaran bersama dalam melestarikan budaya kesenian yang telah ada secara turun-temurun. Di sisi lain, kegiatan ini juga berperan penting dalam membangun kreativitas serta memperkuat silaturahmi antara pemuda nagari dan mahasiswa KKN UNP.             Melalui interaksi yang erat, para mahasiswa KKN tidak hanya belajar tentang nilai-nilai budaya lokal, tetapi juga menanamkan semangat kolaboratif kepada generasi muda nagari. Harapannya, kegiatan ini dapat menjadi pemantik semangat para pemuda untuk terus aktif dalam menjaga dan mengembangkan kesenian daerahnya sendiri, serta menjadi jembatan yang menghubungkan warisan budaya masa lalu dengan inovasi masa kini.              Ke depannya, kegiatan ini direncanakan akan berlangsung secara rutin selama masa KKN, dengan tujuan agar proses pelatihan dan pengembangan gerakan tari dapat menghasilkan hasil yang maksimal. Tidak menutup kemungkinan, kegiatan ini juga akan berujung pada pertunjukan seni sebagai bentuk apresiasi terhadap proses kreatif yang telah dilalui, sekaligus sebagai sarana memperkenalkan kekayaan budaya Nagari Andaleh kepada khalayak lebih luas.             Dengan semangat kolaboratif dan kecintaan terhadap budaya, KKN UNP 2025 bersama sanggar seni Nagari Andaleh berhasil menciptakan ruang ekspresi budaya yang inspiratif. Ini menjadi bukti nyata bahwa seni bukan hanya soal estetika, tetapi juga jembatan yang menyatukan, mendidik, dan membangun masa depan bersama.   Gambar 1. Dokumentasi Kegiatan       Gambar 2. Dokumentasi Kegiatan  ",not_spam
"Pendataan UMKM Nagari Andaleh oleh Mahasiswa KKN UNP untuk Pengembangan Marketplace Digital Andaleh, 27 Juni 2025 – Mahasiswa Kuliah Kerja Nyata (KKN) Universitas Negeri Padang (UNP) yang bertugas di Nagari Andaleh, Kecamatan Luak, Kabupaten Lima Puluh Kota, melaksanakan kegiatan pendataan Usaha Mikro, Kecil, dan Menengah (UMKM) sebagai langkah awal menuju pengembangan marketplace digital berbasis website nagari. Pendataan difokuskan pada dua sektor unggulan di Nagari Andaleh, yaitu usaha pembibitan ikan dan produksi gerabah. Tim mahasiswa mencatat informasi penting seperti jenis bibit ikan yang dikembangkan, kapasitas kolam, serta sistem budidaya yang digunakan. Pada sektor gerabah, pendataan mencakup proses produksi, jenis produk, dan teknik pembuatan yang digunakan oleh pengrajin lokal. Kegiatan ini dilakukan sebagai bagian dari upaya untuk memperkuat potensi ekonomi lokal melalui pemanfaatan teknologi informasi. Dengan adanya marketplace di website nagari, produk-produk unggulan masyarakat diharapkan dapat dipromosikan secara lebih luas dan memiliki jangkauan pasar yang lebih besar. Selain itu, digitalisasi ini juga bertujuan mendukung pelaku usaha agar lebih siap menghadapi persaingan di era ekonomi digital. Selain proses pendataan, mahasiswa juga melakukan pendampingan teknis kepada pelaku UMKM agar ke depannya mampu mengelola profil usahanya secara mandiri di platform digital yang telah disediakan.   Ikan KOI milik pelaku usaha",not_spam
"Melebur dengan Warga, KKN UNP 2025 Adakan Perkenalan dan Nobar Turnamen Voli di Jorong Balik Bukik Dalam rangka membangun kedekatan awal dan menjalin hubungan yang harmonis dengan masyarakat, mahasiswa Kuliah Kerja Nyata (KKN) Universitas Negeri Padang (UNP) tahun 2025 mengadakan kegiatan perkenalan sambil menonton turnamen voli bersama warga Jorong Balik Bukik, Nagari Andaleh, pada Selasa, 24 Juni 2025. Kegiatan ini menjadi momen penting bagi mahasiswa KKN untuk menyapa langsung masyarakat dan memperkenalkan diri secara lebih dekat. Melalui suasana santai di lapangan voli, para anggota KKN membuka ruang interaksi hangat, menyampaikan tujuan kedatangan mereka, dan menjalin komunikasi awal yang bersahabat. Ketua KKN UNP 2025, Farhan Arya, menyampaikan salam perkenalan mewakili seluruh anggota tim. Ia juga mengungkapkan harapan besar agar program kerja KKN ke depan mendapat dukungan penuh dari masyarakat. “Kami datang bukan hanya untuk menjalankan program, tetapi juga ingin belajar bersama dan tumbuh bersama masyarakat Andaleh. Kami berharap seluruh kegiatan yang kami rancang bisa berjalan lancar dengan dukungan dan partisipasi aktif dari warga,” ujarnya. Setelah sesi perkenalan, kegiatan dilanjutkan dengan nonton bareng turnamen voli yang sedang berlangsung di lapangan. Kegiatan ini menjadi sarana mencairkan suasana dan membangun keakraban antara mahasiswa dan warga, sekaligus memperkuat rasa kebersamaan. Perkenalan yang dibalut dalam kegiatan yang merakyat ini menjadi langkah awal yang positif bagi KKN UNP 2025 untuk mewujudkan pengabdian yang bukan hanya bermanfaat, tetapi juga berkesan bagi seluruh elemen masyarakat Nagari Andaleh.    ",not_spam
"Hangatkan Kebersamaan, Mahasiswa KKN UNP Gelar Makan Bersama Pemuda Nagari Andaleh Andaleh, 29 Juli 2025 — Mengakhiri rangkaian kegiatan turnamen voli yang telah berlangsung meriah, mahasiswa Kuliah Kerja Nyata (KKN) Universitas Negeri Padang (UNP) bersama pemuda Nagari Andaleh menggelar acara makan bersama pada Minggu malam, 29 Juli 2025. Kegiatan ini dilaksanakan pukul 21.00 WIB di lapangan Three Family, Balik Bukik. Makan bersama ini diawali dengan kegiatan memasak secara gotong royong antara mahasiswa KKN dan para pemuda setempat. Suasana penuh kehangatan dan kekeluargaan tercipta sejak proses memasak, memperlihatkan semangat kebersamaan yang menjadi ciri khas masyarakat Nagari Andaleh. Kegiatan ini tidak hanya menjadi penutup turnamen voli, tetapi juga menjadi momen penting untuk mempererat tali silaturahmi antara mahasiswa KKN dengan masyarakat, khususnya kalangan pemuda. Dalam suasana santai dan penuh tawa, seluruh peserta saling berbagi cerita dan pengalaman, menciptakan hubungan yang lebih akrab dan harmonis. “Bukan sekadar makan bersama, tapi ini bentuk nyata kebersamaan kami dengan warga. Kami senang bisa merasa diterima dan menjadi bagian dari kehidupan masyarakat selama KKN,” ungkap salah satu mahasiswa KKN. Melalui kegiatan ini, mahasiswa KKN UNP berharap nilai-nilai kebersamaan, gotong royong, dan kekeluargaan terus terjaga, bahkan setelah masa pengabdian mereka di Nagari Andaleh berakhir.      ",not_spam
"Semangat Kolaborasi dalam Goro: KKN UNP Bersama Masyarakat Andaleh Bangun Lapangan Volley dan Bersihkan Lingkungan          Mahasiswa Kuliah Kerja Nyata (KKN) Universitas Negeri Padang kembali menunjukkan komitmennya dalam menjalin kebersamaan dan membangun semangat gotong royong bersama masyarakat. Pada Minggu pagi, 29 Juni 2025, kegiatan Goro (gotong royong) serentak dilaksanakan di dua jorong sekaligus: Jorong Galo Gandang dan Jorong Tanjung Baruah.             Anggota KKN dibagi ke dalam dua tim sesuai lokasi kegiatan. Tim pertama bergabung dengan warga di Jorong Galo Gandang untuk melakukan aksi bersih-bersih lingkungan. Kegiatan bertujuan menciptakan lingkungan yang bersih, sehat, dan nyaman.             Sementara itu, tim kedua yang berada di Jorong Tanjung Baruah fokus dalam pembangunan lapangan voli sebagai bentuk kontribusi nyata terhadap sarana olahraga pemuda setempat. Lapangan ini diharapkan menjadi wadah untuk meningkatkan minat dan bakat generasi muda Andaleh di bidang olahraga, khususnya bola voli. Dengan adanya fasilitas ini, pemuda dapat lebih aktif, sehat, dan memiliki ruang positif untuk berkumpul dan berkembang.             Kegiatan Goro ini tidak hanya berfokus pada aspek fisik semata, melainkan juga mengusung semangat kebersamaan antara mahasiswa dan masyarakat. Melalui kegiatan ini, tercipta ruang untuk mempererat tali silaturahmi, membangun kedekatan emosional, serta menumbuhkan rasa memiliki dan tanggung jawab bersama terhadap lingkungan.              “Goro ini bukan hanya tentang kerja bakti, tapi juga tentang bonding kami dengan masyarakat. Kami belajar banyak dari sini,” ungkap salah satu mahasiswa KKN yang turut berpartisipasi.             Kegiatan yang berlangsung lancar dan penuh semangat ini menjadi salah satu bentuk nyata sinergi antara mahasiswa dan warga dalam mewujudkan nagari yang aktif, bersih, dan penuh semangat kebersamaan.    ",not_spam
"Belajar Langsung dari Masyarakat: Mahasiswa KKN UNP Kunjungi Sentra Gerabah di Jorong Galo Gandang, Nagari Andaleh             Dalam rangka mendekatkan diri dengan masyarakat serta menambah wawasan di luar kelas, beberapa anggota KKN Universitas Negeri Padang (UNP) 2025 mengunjungi sentra pembuatan gerabah yang berada di salah satu jorong di Nagari Andaleh. Kegiatan ini menjadi bentuk nyata kolaborasi dan pembelajaran langsung dari masyarakat.            Kunjungan ini diwakili oleh beberapa anggota KKN dan disambut hangat oleh pengrajin gerabah setempat. Selama kegiatan berlangsung, mahasiswa tidak hanya menyaksikan proses pembuatan gerabah, tetapi juga aktif bertanya seputar bahan-bahan yang digunakan, teknik pembuatan, proses pembakaran, hingga sistem penjualan yang dilakukan oleh pengrajin.           Berbagai bentuk dan jenis gerabah turut diperkenalkan kepada mahasiswa, mulai dari gerabah fungsional seperti pot bunga, tungku, hingga gerabah dekoratif yang memiliki nilai estetika tinggi. Penjelasan langsung dari pengrajin menjadi pengalaman berharga yang tidak bisa diperoleh hanya lewat teori.            Selain sebagai bentuk interaksi sosial, kegiatan ini juga memberikan inspirasi baru bagi mahasiswa, khususnya dalam pengembangan potensi Usaha Mikro, Kecil, dan Menengah (UMKM) yang berbasis kearifan lokal. Belajar langsung dari para pelaku usaha di lapangan membuka pandangan baru tentang potensi bisnis kreatif yang bisa digali dan dikembangkan.               Kegiatan ini merupakan bagian dari semangat KKN UNP 2025 untuk tidak hanya hadir sebagai pelaksana program, tetapi juga sebagai pembelajar aktif yang melebur dengan kehidupan masyarakat, menyerap nilai-nilai lokal, dan menjadikan pengalaman itu sebagai bekal masa depan.   Gambar 1. Foto bersama dengan salah satu pengerajin gerabah     Gambar 2. Proses pembuatan gerabah    ",not_spam
"Semarak Tahun Baru Hijriah, KKN UNP 2025 Gelar Lomba Didikan Subuh di Nagari Andaleh            Dalam rangka menyambut Tahun Baru Hijriah 1447 H, mahasiswa Kuliah Kerja Nyata (KKN) Universitas Negeri Padang (UNP) tahun 2025 menggelar Lomba Didikan Subuh di Masjid Al-Mutaqaddimin, Jorong Koto Tangah, Nagari Andaleh, Kecamatan Luak, Kabupaten Lima Puluh Kota. Kegiatan ini dilaksanakan pada Ahad, 6 Juli 2025, dengan dua cabang perlombaan yakni Adzan dan Asmaul Husna.           Kegiatan ini disambut dengan antusias oleh masyarakat sekitar. Sejak pagi hari, para peserta dari berbagai TPQ dan TPA mulai berdatangan bersama para pembimbingnya. Suasana masjid dipenuhi semangat para santriwan dan santriwati yang siap menunjukkan kemampuan terbaik mereka dalam lomba. Acara dibuka secara resmi oleh perangkat nagari yang turut hadir bersama ustadz dan ustadzah pembimbing, menunjukkan dukungan penuh terhadap kegiatan positif ini.           Sebanyak delapan peserta mengikuti lomba Adzan, sementara lima grup tampil dalam cabang lomba Asmaul Husna. Setiap peserta menunjukkan antusiasme dan keberanian yang luar biasa. Para santri melantunkan adzan dengan lantang dan penuh penghayatan, sementara peserta Asmaul Husna menyuguhkan penampilan yang kompak, indah, dan sarat nilai keislaman. Perlombaan ini tidak hanya menjadi ajang kompetisi, tetapi juga sarana menumbuhkan semangat syiar Islam sejak usia dini serta memperkuat hubungan antara mahasiswa KKN dan masyarakat.             Melalui kegiatan ini, mahasiswa KKN UNP 2025 berupaya memberikan kontribusi nyata dalam bidang keagamaan, khususnya dalam pembinaan karakter anak-anak dan remaja di Nagari Andaleh. Antusiasme peserta dan dukungan masyarakat menjadi bukti bahwa kolaborasi antara mahasiswa dan warga dalam kegiatan positif seperti ini dapat memberikan dampak yang membangun serta mempererat ukhuwah Islamiyah di tengah-tengah masyarakat.   Dokumentasi kegiatan:       ",not_spam
"KKN UNP 2025 Warnai Tribun Lapangan Voli Balik Bukik, Wujud Nyata Peduli Fasilitas Olahraga Nagari             Salah satu program kerja mahasiswa Kuliah Kerja Nyata (KKN) Universitas Negeri Padang (UNP) tahun 2025 di Nagari Andaleh adalah kegiatan pengecatan tribun lapangan voli yang terletak di Jorong Balik Bukik. Kegiatan ini menjadi bentuk nyata kontribusi mahasiswa dalam memperindah sarana olahraga yang kerap menjadi pusat kegiatan masyarakat, terutama saat turnamen voli digelar.             Lapangan voli Balik Bukik dikenal sebagai salah satu lokasi strategis yang sering digunakan untuk mengadakan turnamen, baik antarwarga maupun antarjorong. Banyak penonton dari berbagai daerah datang menyaksikan pertandingan yang berlangsung di sana. Maka dari itu, mahasiswa KKN UNP 2025 berinisiatif untuk memperbaiki tampilan tribun agar lebih sedap dipandang dan nyaman digunakan.            Kegiatan pengecatan ini dimulai pada Sabtu, 5 Juli 2025, dengan melibatkan seluruh anggota laki-laki KKN. Mereka secara gotong royong mengerjakan pengecatan secara bertahap, dimulai dari pembersihan permukaan tribun hingga proses pengecatan dengan cat yang berkualitas dan warna yang mencolok. Hingga saat ini, proses pengecatan masih terus berlangsung dan mendapatkan apresiasi dari masyarakat sekitar yang menyambut baik langkah mahasiswa untuk memperbaiki fasilitas umum.             Dengan adanya inisiatif ini, diharapkan lapangan voli Balik Bukik tidak hanya menjadi tempat olahraga, tetapi juga menjadi ruang kebersamaan yang representatif, bersih, dan menarik. Selain memperindah lingkungan, program ini juga menjadi bukti bahwa kehadiran mahasiswa KKN UNP 2025 tidak hanya fokus pada edukasi dan sosial kemasyarakatan, tetapi juga peduli terhadap pengembangan fasilitas publik yang bermanfaat untuk jangka panjang.   Dokumentasi Kegiatan:     ",not_spam
"Posyandu balita ,bumil dan lansia jorong Tabek buruak Posyandu kemuning jorong Tabek buruak ",not_spam
"Mahasiswa KKN UNP Bekerja Sama dengan Petugas Kesehatan dalam Pelaksanaan Posyandu di Jorong-Jorong Nagari Andaleh           Mahasiswa Kuliah Kerja Nyata (KKN) Universitas Negeri Padang (UNP) turut serta dalam pelaksanaan program Posyandu di tiga jorong yang ada di Nagari Andaleh, Kecamatan Luak, Kabupaten Lima Puluh Kota. pada Selasa, 8 Juli 2025.  Kegiatan ini merupakan bentuk kolaborasi antara mahasiswa KKN dan petugas kesehatan setempat dalam rangka meningkatkan pelayanan kesehatan masyarakat, khususnya ibu dan balita.           Tiga jorong yang menjadi lokasi pelaksanaan Posyandu hari pertama ini yaitu Jorong Tanjuang Baruah, Galo Gandang, dan Tabek Baruak. Setiap jorong diwakili oleh perwakilan mahasiswa KKN dengan sistem pembagian shift. Pelaksanaan kegiatan dimulai serentak sejak pagi hari, sekitar pukul 08.00 hingga 09.00 WIB, dan berlangsung hingga kegiatan selesai di masing-masing titik.            Partisipasi aktif mahasiswa KKN dalam kegiatan ini menjadi salah satu bentuk kontribusi nyata dalam pengabdian kepada masyarakat. Tidak hanya membantu dalam teknis pelaksanaan Posyandu, tetapi juga turut membangun hubungan yang lebih dekat dengan warga setempat. Kehadiran mahasiswa diharapkan dapat memperkuat silaturahmi, memperlancar jalannya kegiatan, serta meringankan beban kerja para kader Posyandu yang selama ini bekerja secara mandiri.           Rangkaian kegiatan Posyandu ini tidak berhenti pada hari ini saja. Program serupa akan berlanjut selama tiga hari ke depan hingga Kamis, 10 Juli 2025, di sejumlah jorong lainnya seperti Kampuang Tangah, Pincuran Gadang, Tarok, Kepalo Koto, dan Balik Bukik. Dengan adanya kerja sama ini, diharapkan program Posyandu berjalan lebih maksimal dan menjangkau seluruh lapisan masyarakat di setiap jorong di Nagari Andaleh. Dokumentasi Kegiatan:             ",not_spam
"Kenanga 1 kampung tangah Assalamu'alaikum..  Selamat pagi.. Hari ini kami kader posyandu kenanga 1,mengadakan kegiatan posyandu balita dan posyandu lansia.dan dikunjungi oleh anak kkn dri UNP dan UNAND padang.  Kegiatan nya meliputi: 1.pengukuran berat badan dan tinggi badan anak balita 2.imunisasi:Ipv  (1 orang)                        2.boster dpt (1 org)                        3.dpt 2 (1 orang)  3.pengukuran berat badan, tinggi badan dan teka nan darah pada lansia 4.Pemberian pmt 5.membuat laporan   Demikian kegiatan posyandu di jorong kampung tangah hari ini, semoga pelayanan yang di berikan bermanfaat bagi masyarakat Wassalamualaikum wr wb. ",not_spam
"Posyandu Aster 1 Pincuran Gadang Hari ini jam 08.00 kami memulai kegiatan posyandu dimulai dari pendaftaran, penimbangan, pencatatan, penyuluhan, pengukuran tensi dan imunisasi bagi bayi/balita, ibu hamil dan lansia. Selain itu juga dilakukan pemeriksaan labor lansia, kelas ibu balita oleh petugas dari puskesmas. Kami ucapkan terima kasih kepada anak-anak kkn unand dan unp yg telah membantu kami dalam kegiatan posyandu.",not_spam
"Posyandu Melur 10 juli 2025 Kegiatan posyandu Melur pada bulan ini berjalan lancar. Rabu sore seluruh kader sudah mempersiapkan semua perlengkapan untuk posyandu, terutama semua kebutuhan untuk menyiapkan PMT. PMT bulan ini berupa mie goreng ayam suwir dan buah semangka, di tambah godok ubi untuk para lansia. Posyandu kali ini kita di dampingi Mahasiswa KKN dari UNP dan UNAND. dari PADANG.  ",not_spam
"Posyandu Flamboyan Baliak Bukik Assalamualaikum...... Pukul 05.30 wib, sebagian kader melaksanakan pembuatan PMT di salah satu rumah Kader sampai selesai. Pukul 08.20 wib, kader melakukan himbauan kembali melalui pengeras suara di mesjid bahwasanya kegiatan posyandu balita , lansia bulanan akan segera di mulai yang beryempat di Polindes Baliak Bukik. Setelah itu sebagian anggota kader mempersiapkan tempat pelaksanaan Posyandu. Pukul 09.17 wib, kegiatan Posyandu baru dimulai yang di hadiri oleh anak KKN UNP dan UNAND Padang , yg langsung di bantu oleh anak KKN tersebut , dimulai dengan pendaftaran Balita dan Lansia, penimbangan, penyuluhan , pengukuran tensi untuk usia produktif dan lansia serta imunisasi  sampai selesai. Kegiatan Posyandu kami di hadiri oleh Pemerintahan Nagari bagian Kasi Kesejahteraan. anak balita kami bulan ini sebanyak 22 anak dan lansia kami yang datang sebanyak 20 orang. Pukul 12.24 wib. kegiatan posyandu baru selesai dan lanjut kami pengisian buku administrasi, setelah selesai kami kembali membersihkan tempat kegiatan Posyandu. Kami mengucapkan terima kasih kepada ibu balita dan bapak ibuk lansia yang telah menyempatkan dan meluangkan waktu untuk datang ke Posyandu Flamboyan. Kami mengharapkan untuk kehadirannya bapak ibuk semua di Posyandu bulan berikutnya. Waalaikumussalam Wr.Wb....... Salam Sehat untuk kita semua.........  ",not_spam
"Tiga Kegiatan Serentak KKN UNP di Nagari Andaleh: Dari Posyandu hingga Latihan Seni Budaya            Kamis, 10 Juli 2025, mahasiswa Kuliah Kerja Nyata (KKN) Universitas Negeri Padang (UNP) kembali menunjukkan semangat kontribusinya di Nagari Andaleh, Kecamatan Luak, Kabupaten Lima Puluh Kota. Pada hari tersebut, KKN UNP sukses melaksanakan tiga kegiatan sekaligus secara bersamaan, yaitu kegiatan Posyandu, pemasangan gapura ecobrick, dan latihan kesenian bersama sanggar lokal.          Kegiatan Posyandu dilaksanakan di tiga jorong secara serentak, yaitu Jorong Balik Bukik, Kepalo Koto, dan Jorong Tarok. Mahasiswa turut serta mendampingi petugas kesehatan dalam melayani masyarakat, khususnya ibu dan balita, mulai dari penimbangan berat badan, tinggi badan, tekanan darah, hingga edukasi kesehatan. Kegiatan ini menjadi bentuk nyata dukungan mahasiswa KKN terhadap program kesehatan masyarakat di tingkat jorong.          Di waktu yang sama, beberapa anggota KKN juga melaksanakan pemasangan gapura ecobrick yang telah mereka susun dari botol plastik bekas. Gapura ini tidak hanya menjadi elemen estetika baru di nagari, tetapi juga menjadi simbol dari kepedulian lingkungan. Dengan memanfaatkan limbah plastik, mahasiswa KKN mengedukasi masyarakat tentang pentingnya reduce, reuse, recycle dalam kehidupan sehari-hari.         Sementara itu, di balai adat Nagari Andaleh, sekelompok mahasiswa KKN berkolaborasi dengan Sanggar Seni Pusako Andaleh dalam kegiatan latihan tari tradisional. Latihan ini menjadi bagian dari persiapan untuk penampilan seni budaya, sekaligus sebagai upaya pelestarian budaya Minangkabau di tengah generasi muda. Melalui kegiatan ini, KKN UNP ingin menumbuhkan kebanggaan masyarakat terhadap warisan budaya lokal.          Melalui tiga kegiatan yang berbeda namun bermakna ini, mahasiswa KKN UNP tidak hanya hadir sebagai pelaksana program kerja, tetapi juga sebagai bagian dari masyarakat yang belajar, tumbuh, dan berkontribusi bersama. Tiap kegiatan membawa manfaat tersendiri, baik di bidang kesehatan, lingkungan, maupun budaya, dan menjadi bukti bahwa sinergi antara mahasiswa dan masyarakat mampu menciptakan perubahan positif yang berkelanjutan.   Dokumentasi Kegiatan Posyandu   Dokumentasi Kegiatan Kesenian Tari    Dokumentasi Kegiatan Proker Ecobrick",not_spam
"KKN UNAND ANDALEH 2025, POSYANDU KAPALO KOTO   Assalamualaikum wr,wb.  Pada jam 09:00. Hari Kamis, 10 Juli 2025 di Nagari Andaleh, Kapalo Koto melaksanakan kegiatan posyandu rutin bulanan. Kegiatan posyandu tersebut dihadiri oleh kelompok KKN Unand dan UNP dengan mulai melalukan cek kesehatan seperti tinggi badan, berat badan, dan mengecek tensi darah untuk lansia serta konsultasi singkat untuk para lansia. Lalu untuk anak - anak di imunisasi oleh bidan.  Sebanyak 28 lansia yang terdata datang ke posyandu untuk melakukan cek kesehatan, terutama dalam cek tensi darah untuk mengetahui tekanan darah dari bulan sebelumnya apakah normal atau mengalami peningkatan. Lalu bagi lansia yang mempunyai tekanan darah yang tinggi dari bulan sebelumnya diberikan konsultasi singkat.  Mahasiswa KKN Unand dan UNP sangat antusias mengabdi kepada masyarakat di Nagari Andaleh.  Waalaikumsallam wr,wb.  ",not_spam
"Wali Nagari Andaleh Resmi Menyambut Mahasiswa KKN Nagari Andaleh Universitas Andalas 2025     Senin, 7 Juli 2025 Nagari Andaleh, Kec. Luhak, Kab. Lima Puluh Kota, Sumatera Barat. Penyambutan Mahasiswa/i dan DPL (Dosen Pembimbing Lapangan) KKN Andaleh Universitas Andalas Tahun 2025. Pada hari Senin tanggal 7 Juli 2025 pukul 14:10 WIB, Mahasiswa/i berserta DPL (Dosen Pembimbing Lapangan) KKN Universitas Andalas tahun 2025 tiba di Nagari Andaleh, Kecamatan Luhak (Luak), Kabupaten Lima Puluh Kota, Sumatera Barat. Kehadiran Mahasiswa/i dan DPL (Dosen Pembimbing Lapangan) KKN Universitas Andalas 2025 disambut hangat oleh Wali Nagari Andaleh, Bapak Syaiful Wahid berserta jajaran perangkat Nagari Andaleh. Penyambutan Mahasiswa/i dan DPL (Dosen Pembimbing Lapangan) KKN Andaleh Universitas Andalas 2025 disertai perkenalan anggota KKN dengan Wali Nagari berserta jajaran perangkat nagari dan penyampaian program kerja pemetaan wilayah yang akan dilaksanakan oleh Mahasiswa/i KKN Universitas Andalas 2025 di Nagari Andaleh. Wali Nagari mengharapkan Mahasiswa/i KKN Universitas Andalas 2025 dapat menjalankan program kerja utama dengan baik dan lancar serta berdampak kepada masyarakat Nagari Andaleh. ",not_spam
"Posyandu juli kenanga 2 Pada hari ini kita melakukan posyandu lagi. pada hari Selasa Minggu kedua diawal bulan tepat nya pada tangal 8 juli . Seperti biasa kita membagi tugas untuk membersihkan tempat dan juga mempersiapkan PMT. Tidak lupa juga untuk memberitahukan kepada ibu balita ibu hamil lansia dan juga kepada masyarakat . Pada posyandu bulan ini ada juga imunisasi bcg dan klas ibu balita. Dan kita juga kedatangan anak KKN Unand dan UNP untuk serta membantu kita dalam kegiatan posyandu.. Alhamdulillah acara lancar ,,dan semoga kita smua dbrikan kesehatan agar bulan besok kita bisa lagi hadir untuk posyandu.. Salam sehat😊",not_spam
"POSYANDU REMAJA NAGARI ANDALEH di GALO GANDANG dan KAPALO KOTO Nagari Andaleh, Kecamatan Luak – Pemerintah Nagari Andaleh terus menunjukkan komitmennya dalam meningkatkan kualitas kesehatan masyarakat melalui kegiatan Posyandu Remaja yang dilaksanakan secara berkala. Kegiatan ini menyasar kelompok usia remaja yang merupakan generasi penerus nagari, dengan tujuan membentuk pola hidup sehat sejak usia muda. Kegiatan Posyandu Remaja kali ini turut didampingi oleh mahasiswa Kuliah Kerja Nyata (KKN) Universitas Negeri Padang (UNP) Tahun 2025 yang sedang melaksanakan pengabdian di Nagari Andaleh. Kehadiran mahasiswa KKN ini memberikan dukungan tambahan baik dalam pelaksanaan teknis kegiatan maupun dalam edukasi kesehatan kepada peserta. Dalam kegiatan Posyandu yang berlangsung di salah satu ruang belajar masyarakat, para remaja mendapatkan berbagai layanan kesehatan serta penyuluhan yang bermanfaat, seperti: 1. Pemeriksaan tekanan darah dan kadar gula darah 2. Pengukuran berat badan, tinggi badan, dan status gizi Para kader Posyandu yang terlatih bersama mahasiswa KKN memberikan pelayanan dengan pendekatan ramah dan edukatif. Suasana kegiatan berlangsung hangat dan bersahabat, membuat para remaja merasa nyaman dan terbuka untuk bertanya serta berdiskusi. ""Kesehatan remaja sangat penting untuk diperhatikan, karena mereka sedang berada dalam masa transisi yang membutuhkan perhatian khusus, baik dari sisi fisik, mental, maupun sosial,"" kata salah satu kader remaja. Pemerintah Nagari Andaleh berharap dengan adanya Posyandu Remaja ini, para generasi muda memiliki kesadaran untuk menjaga kesehatan diri, memahami perubahan yang mereka alami, serta terhindar dari berbagai risiko yang dapat menghambat tumbuh kembang mereka secara optimal. Kegiatan ini merupakan bagian dari program kesehatan masyarakat nagari yang berfokus pada pendekatan promotif dan preventif, sebagai langkah awal menuju Nagari Andaleh yang sehat, tangguh, dan berdaya saing. Kehadiran mahasiswa KKN UNP turut memperkuat kolaborasi antara dunia akademik dan masyarakat dalam mewujudkan tujuan pembangunan kesehatan nagari.  ",not_spam
"Kegiatan Gotong Royong di Lapangan Voli Diikuti Oleh Mahasiswa/i KKN Andaleh Universitas Andalas 2025 Minggu, 14 Juli 2025. Kegiatan Gotong Royong Oleh Mahasiswa/i KKN Andaleh Universitas Andalas Minggu, 14 Juli 2025 - Mahasiswa/i KKN Andaleh Universitas Andalas 2025 mengikuti kegiatan gotong royong yang dilaksanakan di Lapangan Voli baru Jorong Baliak Bukik pukul 08:00 WIB. Mahasiswa/i KKN Andaleh Universitas Andalas 2025 sangat antusias membantu masyarakat dalam gotong royong yang dilaksanakan oleh Jorong Baliak Bukik. Adapun kegiatan gotong royong yang dilaksanakan seperti memperluas lapangan voli, memindahkan tanah, membantu dalam memasak untuk makan siang bersama. Kegiatan gotong royong juga dihadiri oleh pemuda/i Jorong Baliak Bukik Nagari Andaleh.",not_spam
"Mahasiswa/i KKN Andaleh Universitas Andalas Sambangi Kantor Bupati dan Polsek Lima Puluh Kota: Laporkan Kedatangan di Nagari Andaleh Senin, 14 Juli 2025. Mahasiswa/i KKN Andaleh Universitas Andalas 2025 Mendatangi Kantor Bupati dan Polsek Lima Puluh Kota. Mahasiswa Kuliah Kerja Nyata (KKN) Universitas Andalas (Unand) telah tiba dengan selamat di Nagari Andaleh, Kecamatan Luhak, Kabupaten Lima Puluh Kota. Sebagai bentuk koordinasi dan pelaporan, perwakilan mahasiswa/i KKN Universitas Andalas melakukan kunjungan resmi ke Kantor Bupati Lima Puluh Kota dan Kantor Polsek Luhak pada Senin, 14 Juli 2025. Kunjungan ini bertujuan untuk menginformasikan secara langsung kepada pihak pemerintah daerah dan aparat keamanan setempat mengenai kedatangan mahasiswa/i KKN Universitas Andalas yang akan melaksanakan program pengabdian masyarakat di Nagari Andaleh. Langkah ini diambil untuk memastikan kelancaran dan keamanan kegiatan KKN selama berada di wilayah tersebut. Di Kantor Bupati Lima Puluh Kota, perwakilan mahasiswa/i KKN Universitas Andalas diterima oleh staf dari bagian pemerintahan. Dalam pertemuan singkat tersebut, mahasiswa menyampaikan maksud dan tujuan kedatangan mereka, serta menjelaskan secara garis besar program-program yang akan dijalankan selama periode KKN. Pihak kabupaten menyambut baik kedatangan para mahasiswa dan berharap program KKN dapat memberikan dampak positif bagi masyarakat Nagari Andaleh. Selanjutnya, rombongan perwakilan mahasiswa/i juga menyambangi Kantor Polsek Luhak. Kedatangan mereka disambut hangat oleh Kapolsek Luhak. Dalam kesempatan ini, mahasiswa melaporkan jumlah anggota KKN yang bertugas di Nagari Andaleh dan menyampaikan harapan akan dukungan keamanan selama mereka berinteraksi dengan masyarakat. Pihak kepolisian menyatakan siap memberikan dukungan penuh demi kelancaran dan keamanan kegiatan KKN Universitas Andalas.",not_spam
"KEDATANGAN MAHASISWA KKN 2025 PROGRAM STUDI TEKNOLOGI PRODUKSI TANAMAN PANGAN POLITEKNIK PERTANIAN NEGERI PAYAKUMBUH DI NAGARI ANDALEH, DIAWALI DENGAN BERSIH-BERSIH POSKO DAN KEGIATAN WIRID Senin, 21 Juli 2025 — Sebanyak 14 orang mahasiswa/i Kuliah Kerja Nyata (KKN) dari Program Studi Teknologi Produksi Tanaman Pangan, Politeknik Pertanian Negeri Payakumbuh, resmi tiba di Nagari Andaleh, Kecamatan Luak, Kabupaten Lima Puluh Kota, pada Senin, 21 Juli 2025. Kegiatan dimulai di kantor Wali Nagari Andaleh dengan agenda penyambutan resmi. Dalam kesempatan tersebut, Wali Nagari Andaleh memberikan sambutan hangat dan menyampaikan harapan besar kepada mahasiswa agar dapat memberikan kontribusi nyata kepada masyarakat. ""Kami menyambut baik kedatangan anak-anak kami dari Politeknik Pertanian Negeri Payakumbuh. Semoga kehadiran adik-adik mahasiswa dapat memberi warna dan semangat baru bagi masyarakat nagari,"" ungkap Wali Nagari. Sambutan juga disampaikan oleh Ketua Badan Musyawarah (Bamus) Nagari Andaleh yang menekankan pentingnya kolaborasi antara mahasiswa, pemerintah nagari, dan masyarakat untuk menyukseskan program-program KKN. Dosen Pembimbing Lapangan (DPL) turut hadir dan memberikan sambutan serta melakukan pemaparan umum mengenai arah dan tujuan pelaksanaan KKN. Dosen juga menjelaskan tema dan fokus program yang akan dijalankan, yang berkaitan erat dengan peningkatan produksi tanaman pangan dan pemberdayaan masyarakat lokal. Setelah itu, perwakilan mahasiswa juga menyampaikan paparan singkat mengenai rencana program kerja yang akan dilaksanakan selama masa KKN. Program-program tersebut mencakup edukasi pertanian, demonstrasi plot tanaman pangan, pelatihan pemanfaatan limbah organik, serta kegiatan sosial dan keagamaan.   Usai acara penyambutan, mahasiswa langsung melaksanakan gotong royong membersihkan posko KKN yang berada tidak jauh dari pusat nagari. Kegiatan ini dibantu oleh warga sekitar sebagai langkah awal membangun kebersamaan. Goro difokuskan pada pembersihan area posko, penataan lingkungan, serta pengecekan fasilitas yang akan digunakan selama masa pengabdian. Kolaborasi antara mahasiswa dan warga berjalan dengan penuh semangat, menciptakan suasana kebersamaan yang hangat dan produktif.   Pada malam harinya, mahasiswa ikut serta dalam kegiatan wirid Magrib di masjid setempat. Kegiatan religius ini menjadi ajang silaturahmi dan perkenalan lebih dekat antara mahasiswa dan masyarakat. Suasana khidmat dan penuh keakraban menjadi penutup yang indah dari rangkaian kegiatan hari pertama mahasiswa KKN di Nagari Andaleh.   Melalui rangkaian kegiatan ini, diharapkan kehadiran mahasiswa KKN mampu memberikan dampak positif dan membangun sinergi yang baik dengan masyarakat selama pelaksanaan program.",not_spam
"Mahasiswa KKN Politeknik Pertanian Negeri Payakumbuh Ikut Serta dalam Pembagian Beras, Pembuatan Taman Herba, dan Kunjungan ke PPL di Nagari Andaleh Selasa, 22 Juli 2025 — Mahasiswa Kuliah Kerja Nyata (KKN) dari Program Studi Teknologi Produksi Tanaman Pangan, Politeknik Pertanian Negeri Payakumbuh kembali melaksanakan rangkaian kegiatan pengabdian masyarakat di Nagari Andaleh, Kecamatan Luak, Kabupaten Lima Puluh Kota. Pada hari ini, lima orang mahasiswa KKN terlibat aktif dalam kegiatan pembagian beras kepada masyarakat yang berlangsung di Kantor Wali Nagari Andaleh. Kegiatan dimulai sejak pukul 08.00 WIB hingga 17.00 WIB. Mahasiswa membantu proses administrasi, pengangkutan, hingga pendistribusian beras kepada warga yang datang secara bergantian. Kegiatan ini merupakan bentuk partisipasi langsung mahasiswa dalam kegiatan sosial dan pelayanan masyarakat di nagari.   Di sisi lain, sebagian mahasiswa lainnya melakukan pembuatan taman herba di sekitar pekarangan posko KKN. Taman ini dirancang sebagai taman TOGA (Tanaman Obat Keluarga) dengan penanaman tanaman-tanaman berkhasiat seperti jahe, kunyit, dan serai serta menanam bunga pada pekarangan posko. Kegiatan ini bertujuan untuk memperindah lingkungan posko sekaligus menjadi contoh pemanfaatan pekarangan rumah secara fungsional dan produktif.   Setelah kegiatan taman herba selesai, Ketua Kelompok KKN bersama empat mahasiswa KKN, melakukan kunjungan ke kantor Penyuluh Pertanian Lapangan (PPL) Nagari Andaleh. Dalam kunjungan ini, mahasiswa berdiskusi langsung dengan PPL mengenai kondisi pertanian di nagari, potensi komoditas unggulan, serta peluang kolaborasi program KKN dengan kegiatan penyuluhan pertanian. Pertemuan ini menjadi bagian penting dalam merancang kegiatan KKN yang tepat sasaran dan sesuai dengan kebutuhan petani di lapangan.   Rangkaian kegiatan hari ini mencerminkan semangat mahasiswa dalam mengabdi dan berkontribusi nyata bagi masyarakat Nagari Andaleh. Melalui kerja sama dengan pemerintah nagari, PPL, dan masyarakat, mahasiswa KKN berharap dapat memberikan manfaat dan inspirasi positif selama masa pengabdian mereka di nagari ini.",not_spam
"Mahasiswa KKN Unand Gelar Sosialisasi Pupuk Kompos dan Dokter Kecil di SDN 02 Andaleh Andaleh, 24 Juli 2025 – Mahasiswa Kuliah Kerja Nyata (KKN) Andaleh Universitas Andalas (Unand) 2025 telah sukses melaksanakan dua program sosialisasi yang bermanfaat di SDN 02 Andaleh, Kecamatan Luak (Luhak), Kabupaten Lima Puluh Kota. Kegiatan ini mencakup sosialisasi pembuatan pupuk kompos dan program dokter kecil, yang bertujuan untuk meningkatkan kesadaran lingkungan dan kesehatan di kalangan siswa dan masyarakat sekolah.   Kegiatan sosialisasi pupuk kompos disambut antusias oleh para siswa/i dan guru-guru SDN 02 Andaleh. Dalam sesi ini, mahasiswa KKN menjelaskan secara detail mengenai manfaat pupuk kompos bagi kesuburan tanah dan lingkungan. Mereka juga mendemonstrasikan cara membuat pupuk kompos dari sampah organik yang mudah ditemukan di sekitar sekolah dan rumah. ""Kami ingin menanamkan pemahaman tentang pentingnya pengelolaan sampah organik sejak dini,"" ujar salah satu mahasiswa KKN. ""Dengan membuat pupuk kompos sendiri, siswa tidak hanya belajar mengurangi sampah, tetapi juga bisa berkontribusi langsung pada upaya penghijauan dan pertanian yang berkelanjutan."" Para siswa/i diajak untuk berpartisipasi aktif dalam sesi praktik, mulai dari memilah sampah organik hingga mencampurkannya sesuai prosedur pembuatan kompos. Diharapkan, ilmu yang didapat ini dapat diterapkan di lingkungan sekolah maupun di rumah masing-masing, sehingga dapat menciptakan lingkungan yang lebih bersih dan hijau.   Selain sosialisasi pupuk kompos, mahasiswa KKN Unand juga meluncurkan program Dokter Kecil di SDN 02 Andaleh. Program ini dirancang untuk membekali siswa dengan pengetahuan dasar tentang kesehatan dan kebersihan diri, serta melatih mereka untuk menjadi agen perubahan di lingkungan sekolah. Materi yang disampaikan meliputi pentingnya mencuci tangan dengan benar,  serta penanganan pertama pada luka ringan. Mahasiswa KKN menggunakan metode yang interaktif dan menyenangkan, agar materi mudah dipahami oleh siswa/i. Para siswa yang terpilih sebagai dokter kecil juga diberikan pelatihan khusus dan akan bertugas untuk memantau kebersihan di kelas, mengingatkan teman-teman untuk cuci tangan, dan memberikan pertolongan pertama sederhana jika dibutuhkan.",not_spam
"Mahasiswa KKN Unand Gelar Sosialisasi Pupuk dari Cangkang Telur dan PHBS di SDN 04 Andaleh Andaleh, 22 Juli 2025 – Mahasiswa Kuliah Kerja Nyata (KKN) Universitas Andalas (Unand) telah melaksanakan serangkaian kegiatan edukatif di SDN 04 Andaleh, Kecamatan Luak (Luhak), Kabupaten Lima Puluh Kota. Dua program utama yang sukses digelar adalah sosialisasi pembuatan pupuk dari cangkang telur dan edukasi Perilaku Hidup Bersih dan Sehat (PHBS), yang bertujuan untuk meningkatkan kesadaran lingkungan dan kesehatan di kalangan siswa/i. Kegiatan sosialisasi pemanfaatan cangkang telur sebagai pupuk organik menarik perhatian siswa/i kelas 4, 5, dan 6 SDN 04 Andaleh. Dalam sesi ini, para mahasiswa KKN menjelaskan bahwa cangkang telur, yang seringkali dianggap limbah, memiliki kandungan kalsium tinggi yang sangat bermanfaat bagi pertumbuhan tanaman. Mereka mendemonstrasikan cara sederhana mengubah limbah dapur ini menjadi pupuk yang efektif. ""Dengan mengubah cangkang telur menjadi pupuk, siswa dapat belajar tentang daur ulang, mengurangi sampah, dan sekaligus berkontribusi pada kesuburan tanah untuk tanaman di sekolah maupun di rumah mereka."" Siswa-siswi diajak untuk berinteraksi langsung dalam proses praktik, mulai dari membersihkan dan mengeringkan cangkang telur, hingga menghaluskannya menjadi bubuk yang siap digunakan. Diharapkan, pengetahuan ini akan mendorong kreativitas siswa dalam mengelola limbah rumah tangga dan menumbuhkan kepedulian terhadap lingkungan. Selain pengolahan limbah, mahasiswa KKN Unand juga menggelar sosialisasi Perilaku Hidup Bersih dan Sehat (PHBS) kepada seluruh siswa/i kelas 1, 2, dan 3 SDN 04 Andaleh. Program ini penting untuk menanamkan kebiasaan sehat sejak usia dini, yang akan berdampak positif pada kesehatan dan kualitas hidup mereka di masa depan. Materi PHBS yang disampaikan yaitu pentingnya mencuci tangan dengan sabun secara benar dan membuang sampah pada tempatnya. Para mahasiswa menggunakan metode penyampaian yang interaktif, seperti simulasi dan lagu agar materi mudah dipahami dan diingat oleh siswa/i. ""Dengan pemahaman yang kuat tentang PHBS, kami berharap siswa/i dapat menjadi duta kesehatan di lingkungan keluarga dan sekolah, serta menerapkan gaya hidup sehat dalam kehidupan sehari-hari.""",not_spam
"Rangkaian Kegiatan Mahasiswa KKN Politeknik Pertanian Negeri Payakumbuh di Nagari Andaleh: Dari Pembagian Beras hingga Wirid di Pincuran Gadang Rabu, 23 Juli 2025 — Mahasiswa Kuliah Kerja Nyata (KKN) Politeknik Pertanian Negeri Payakumbuh terus menjalankan program pengabdian mereka di Nagari Andaleh. Pada hari Rabu, 23 Juli 2025, sejumlah kegiatan kembali dilaksanakan, mencerminkan semangat kepedulian dan keterlibatan aktif dalam kehidupan masyarakat. Kegiatan diawali dengan pembagian beras untuk warga kurang mampu yang dilaksanakan di Kantor Wali Nagari Andaleh. Mahasiswa KKN terlibat langsung dalam membantu proses distribusi bersama perangkat nagari. Pembagian ini tidak hanya bersifat administratif, tetapi juga menjadi ajang untuk mempererat hubungan antara mahasiswa dan masyarakat.   Secara bersamaan, sebagian mahasiswa lainnya melakukan kunjungan ke Ketua Gabungan Kelompok Tani (Gapoktan) Nagari Andaleh. Meskipun dilakukan di waktu yang bersamaan dengan pembagian beras, kunjungan ini tetap berjalan lancar. Dalam pertemuan tersebut, mahasiswa berdialog untuk memahami peran Gapoktan dalam penguatan sektor pertanian di nagari serta menggali informasi seputar kegiatan dan tantangan yang dihadapi petani lokal.   Kegiatan berikutnya adalah kunjungan ke lokasi pembuatan tepung ubi di Nagari Andaleh. Mahasiswa berkesempatan melihat langsung proses pengolahan ubi menjadi tepung, mulai dari pengupasan hingga pengeringan. Kunjungan ini lebih bersifat observatif dan bertujuan untuk memperkaya pengetahuan mahasiswa mengenai pengolahan produk lokal.   Sebagai penutup, mahasiswa mengikuti kegiatan wirid bersama masyarakat di Pincuran Gadang. Kegiatan ini berlangsung khusyuk dan penuh kekeluargaan. Kehadiran mahasiswa KKN dalam wirid ini menjadi wujud penghargaan terhadap nilai-nilai religius dan tradisi keagamaan masyarakat setempat.   Rangkaian kegiatan hari itu menjadi bagian dari upaya mahasiswa untuk lebih memahami dinamika kehidupan sosial dan ekonomi di Nagari Andaleh serta menjalin hubungan yang harmonis dengan masyarakat. Dengan keterlibatan aktif di berbagai bidang, mahasiswa KKN berharap dapat memberi kontribusi nyata selama masa pengabdian.",not_spam
"Mahasiswa KKN Politani Kunjungi SDN 05 dan Laksanakan Wirid di Jorong Galo Gandang Kamis, 24 Juli 2025 – Mahasiswa Kuliah Kerja Nyata (KKN) dari Program Studi Teknologi Produksi Tanaman Pangan Politeknik Pertanian Negeri Payakumbuh melanjutkan kegiatan pengabdian mereka di Nagari Andaleh dengan sejumlah agenda bermakna. Kegiatan dimulai dengan kunjungan ke SDN 05 Nagari Andaleh pada pagi hari. Dalam pertemuan dengan kepala sekolah dan dewan guru, mahasiswa KKN membahas rencana pelaksanaan program kerja di lingkungan sekolah. Dua program utama yang akan dijalankan adalah pembuatan sistem pertanian vertikultur serta pemasangan plang edukatif tentang proses penguraian sampah. Program vertikultur dirancang untuk memberikan pemahaman kepada siswa dan warga sekolah mengenai budidaya tanaman secara vertikal, yang cocok diterapkan di lahan sempit dan mendukung ketahanan pangan skala rumah tangga. Sementara itu, plang penguraian sampah akan dipasang di beberapa titik strategis di sekitar sekolah sebagai sarana edukasi visual tentang jenis-jenis sampah dan lama waktu penguraiannya, guna meningkatkan kesadaran siswa terhadap pentingnya pengelolaan sampah yang ramah lingkungan.   Pada malam harinya, mahasiswa turut serta dalam kegiatan wirid bersama masyarakat di Jorong Galo Gandang. Kehadiran mereka dalam kegiatan keagamaan tersebut menjadi momen untuk mempererat silaturahmi sekaligus menumbuhkan nilai-nilai spiritual selama menjalankan pengabdian di tengah masyarakat.   Kegiatan hari ini mencerminkan komitmen mahasiswa KKN untuk berkontribusi secara nyata, tidak hanya dalam bidang pertanian dan lingkungan, tetapi juga dalam kehidupan sosial dan religius masyarakat. Diharapkan dengan sinergi yang terbangun antara mahasiswa, sekolah, dan warga nagari, seluruh program KKN dapat berjalan dengan sukses dan memberi manfaat jangka panjang.",not_spam
"Mahasiswa KKN Politani Laksanakan Pembagian BLT dan Kunjungan ke Kelompok Tani di Nagari Andaleh Jum'at, 25 Juli 2025 – Mahasiswa Kuliah Kerja Nyata (KKN) dari Program Studi Teknologi Produksi Tanaman Pangan Politeknik Pertanian Negeri Payakumbuh terus aktif melaksanakan kegiatan pengabdian masyarakat di Nagari Andaleh, Kecamatan Luak, Kabupaten Lima Puluh Kota. Pada hari Jumat, 25 Juli 2025, mahasiswa menjalankan dua kegiatan utama yang berfokus pada bidang sosial dan pertanian. Kegiatan pertama dilakukan di Kantor Wali Nagari Andaleh, di mana mahasiswa turut serta membantu dalam proses pembagian Bantuan Langsung Tunai (BLT) kepada masyarakat. Mahasiswa berperan dalam pengaturan antrean, pencatatan data, serta membantu kelancaran proses distribusi bantuan. Kehadiran mahasiswa dalam kegiatan ini mendapat apresiasi dari pihak nagari karena turut membantu meringankan beban administrasi serta memberikan pelayanan yang lebih cepat dan terorganisir bagi warga.   Usai kegiatan di kantor wali nagari, mahasiswa melanjutkan agenda dengan berkunjung dan berkenalan dengan Kelompok Tani B3A di Jorong Baliak Bukik. Kunjungan ini bertujuan untuk menjalin komunikasi awal dan memperkenalkan diri serta program kerja KKN yang akan dilaksanakan selama masa pengabdian. Dalam pertemuan yang berlangsung dalam suasana kekeluargaan tersebut, mahasiswa dan kelompok tani berdiskusi mengenai potensi pertanian lokal serta peluang kerja sama dalam peningkatan produktivitas pertanian di wilayah tersebut.   Kegiatan yang dilaksanakan hari ini menunjukkan komitmen mahasiswa KKN untuk aktif berperan dalam kegiatan sosial sekaligus memperkuat jaringan kerja sama di sektor pertanian. Harapannya, kolaborasi yang terjalin dapat menghasilkan dampak positif yang berkelanjutan bagi masyarakat Nagari Andaleh.",not_spam
"Mahasiswa KKN Politani Laksanakan Sosialisasi Digitalisasi Layanan Mandiri dan Temu Ramah Pemuda Nagari Andaleh Sabtu, 26 Juli 2025 – Mahasiswa Kuliah Kerja Nyata (KKN) dari Program Studi Teknologi Produksi Tanaman Pangan Politeknik Pertanian Negeri Payakumbuh terus menjalankan kegiatan pengabdian masyarakat di Nagari Andaleh. Pada Sabtu, 26 Juli 2025, dua kegiatan penting dilaksanakan, yaitu sosialisasi digitalisasi layanan mandiri nagari secara door to door dan temu ramah bersama pemuda se-Nagari Andaleh. Berbeda dengan sosialisasi formal pada umumnya, mahasiswa KKN melaksanakan sosialisasi digitalisasi layanan mandiri nagari dengan cara mengunjungi langsung rumah-rumah masyarakat. Dalam kunjungan tersebut, mahasiswa memperkenalkan aplikasi layanan desa yang telah disediakan oleh Pemerintahan Nagari Andaleh. Aplikasi ini memungkinkan masyarakat untuk mengakses berbagai layanan administrasi secara mandiri, seperti pengajuan surat keterangan, informasi data kependudukan, serta permohonan dokumen lainnya tanpa harus datang ke kantor wali nagari. Melalui pendekatan langsung ini, mahasiswa bertindak sebagai saluran tangan antara pemerintah nagari dan masyarakat, membantu menjelaskan cara penggunaan aplikasi secara praktis, sekaligus menjawab pertanyaan-pertanyaan dari warga yang belum familiar dengan layanan digital. Kegiatan ini mendapat sambutan positif, terutama dari warga yang mulai menyadari kemudahan dan efisiensi layanan berbasis teknologi tersebut.   Pada malam harinya, mahasiswa menghadiri temu ramah bersama pemuda se-Nagari Andaleh yang dilaksanakan di Balai Adat Nagari Andaleh. Dalam kegiatan ini, mahasiswa memperkenalkan diri dan menyampaikan rencana program-program KKN yang juga akan melibatkan pemuda nagari. Diskusi hangat berlangsung mengenai peran strategis pemuda dalam pembangunan nagari, khususnya dalam mendukung pertanian, pelestarian lingkungan, dan penguatan literasi teknologi.  Acara ini menjadi wadah awal untuk mempererat kolaborasi antara mahasiswa dan pemuda sebagai mitra dalam pelaksanaan program yang berdampak langsung bagi kemajuan Nagari Andaleh. Rangkaian kegiatan hari ini menandai semangat keterlibatan aktif mahasiswa dalam menghubungkan teknologi, masyarakat, dan generasi muda, demi mendukung transformasi nagari yang lebih mandiri, maju, dan terhubung secara digital.",not_spam
"Mahasiswa KKN Politani Lanjutkan Sosialisasi Digitalisasi dan Uji Coba Pengendalian Hama Kepiting di Nagari Andaleh Andaleh, 27 Juli 2025 – Mahasiswa Kuliah Kerja Nyata (KKN) dari Program Studi Teknologi Produksi Tanaman Pangan Politeknik Pertanian Negeri Payakumbuh kembali melaksanakan kegiatan pengabdian masyarakat di Nagari Andaleh pada Minggu, 27 Juli 2025. Kegiatan yang dilakukan merupakan kelanjutan dari agenda sebelumnya, dengan fokus pada penguatan literasi digital masyarakat dan percobaan awal pengendalian hama di sektor pertanian. Sebagian mahasiswa melanjutkan sosialisasi digitalisasi layanan mandiri nagari, yang sebelumnya telah dimulai secara langsung dari rumah ke rumah warga pada hari Sabtu. Sosialisasi ini bertujuan untuk memperluas jangkauan informasi mengenai aplikasi layanan desa yang telah disediakan oleh Pemerintah Nagari Andaleh. Mahasiswa kembali menyambangi rumah-rumah warga yang belum sempat dikunjungi, membantu mengunduh dan menjelaskan penggunaan aplikasi layanan mandiri nagari, serta memberikan pendampingan dalam penggunaannya. Kegiatan ini kembali mendapat sambutan positif dari masyarakat, yang merasa terbantu dengan pendekatan langsung dan praktis ini.   Sementara itu, anggota KKN lainnya melakukan kegiatan pencarian kepiting liar di sekitar lahan persawahan dan saluran air di wilayah nagari. Kegiatan ini merupakan bagian dari uji coba awal pengendalian hama kepiting, yang diketahui menjadi salah satu gangguan pada tanaman di beberapa wilayah pertanian lokal. Pengambilan sampel kepiting dilakukan untuk keperluan observasi dan perencanaan metode pengendalian hama yang ramah lingkungan dan aplikatif bagi petani.   Melalui kegiatan ini, mahasiswa tidak hanya terlibat dalam pemberdayaan masyarakat melalui teknologi, tetapi juga mendukung upaya peningkatan hasil pertanian melalui pendekatan ilmiah dan partisipatif. Rangkaian kegiatan hari ini menunjukkan komitmen mahasiswa KKN untuk terlibat aktif dalam berbagai aspek pembangunan nagari, baik dari sisi layanan publik maupun inovasi pertanian. Diharapkan hasil dari kegiatan ini dapat menjadi dasar perbaikan sistem layanan dan pengelolaan hama ke depannya.",not_spam
"Mahasiswa KKN Politani Jalin Silaturahmi dengan Kelompok Tani dan Koordinasi Bersama PPL di Nagari Andaleh Senin, 28 Juli 2025 – Mahasiswa Kuliah Kerja Nyata (KKN) dari Program Studi Teknologi Produksi Tanaman Pangan Politeknik Pertanian Negeri Payakumbuh kembali menjalankan berbagai kegiatan pengabdian di Nagari Andaleh, Kecamatan Luak, Kabupaten Lima Puluh Kota. Pada hari Senin, 28 Juli 2025, mahasiswa menjalankan serangkaian agenda yang melibatkan kelompok tani, penyuluh pertanian lapangan (PPL), serta kegiatan sosial keagamaan bersama masyarakat. Kegiatan dimulai pada pagi hari dengan kunjungan ke Kelompok Tani di Jorong Tabek Buruak. Dalam kunjungan ini, mahasiswa memperkenalkan diri sekaligus menjalin silaturahmi dengan para petani. Diskusi berlangsung hangat dan membahas berbagai persoalan yang dihadapi petani setempat, mulai dari pengendalian hama, produktivitas lahan, hingga potensi kerja sama dalam program KKN ke depan. Kunjungan ini bertujuan agar mahasiswa dapat menyesuaikan program kerja mereka dengan kebutuhan petani di lapangan.   Setelah itu, mahasiswa langsung melanjutkan kegiatan dengan melakukan koordinasi bersama Penyuluh Pertanian Lapangan (PPL) Nagari Andaleh. Pertemuan ini membahas secara rinci persiapan kegiatan pengabdian dosen yang akan dilaksanakan pada Selasa, 29 Juli 2025. Diskusi mencakup teknis pelaksanaan, materi yang akan disampaikan, sasaran peserta, serta pembagian tugas antara PPL, dosen, dan mahasiswa KKN. Mahasiswa akan turut serta dalam membantu pelaksanaan kegiatan, mulai dari persiapan tempat hingga mendampingi peserta di lapangan.   Pada sore harinya, mahasiswa kembali melanjutkan kegiatan dengan melakukan kunjungan ke Kelompok Tani Luak Joki. Seperti kunjungan sebelumnya, kegiatan ini bertujuan untuk menjalin komunikasi awal dan mendengar langsung permasalahan serta harapan dari para petani. Mahasiswa juga menyampaikan rencana-rencana kegiatan pertanian yang mungkin dapat disinergikan dengan aktivitas kelompok tani, baik dari segi edukasi maupun pendampingan teknis.   Menutup rangkaian kegiatan hari ini, mahasiswa turut hadir dalam wirid malam di Masjid Istiqamah Jorong Tabek Buruak. Kegiatan ini menjadi wadah silaturahmi antara mahasiswa dan masyarakat serta menunjukkan komitmen mahasiswa untuk berpartisipasi aktif dalam kehidupan sosial dan spiritual warga nagari.   Rangkaian kegiatan yang dilaksanakan hari ini mencerminkan semangat kolaboratif mahasiswa KKN dalam membangun hubungan yang baik dengan masyarakat tani, lembaga pendukung pertanian, dan elemen sosial lainnya di Nagari Andaleh. Sinergi ini diharapkan menjadi fondasi kuat dalam pelaksanaan program-program KKN yang bermanfaat dan berkelanjutan.",not_spam
"Pengabdian Dosen Politani Bersama Mahasiswa KKN: Pelatihan Pembuatan Mikoriza untuk Petani Nagari Andaleh Selasa, 29 Juli 2025 – Mahasiswa Kuliah Kerja Nyata (KKN) dari Program Studi Teknologi Produksi Tanaman Pangan Politeknik Pertanian Negeri Payakumbuh bersama dosen pembimbing lapangan melaksanakan kegiatan pengabdian masyarakat yang berlangsung di Kelompok Tani Balibu, Jorong Baliak Bukik, Nagari Andaleh, pada hari Selasa, 29 Juli 2025. Kegiatan ini mengangkat materi pembuatan mikoriza sebagai solusi ramah lingkungan untuk meningkatkan kesehatan dan produktivitas tanah pertanian. Dalam kegiatan ini, seluruh kelompok tani yang ada di Nagari Andaleh turut diundang, menjadikan kegiatan ini sebagai momen kolaboratif yang mempertemukan petani dari berbagai jorong untuk belajar bersama dan bertukar pengalaman. Materi utama yang disampaikan oleh dosen adalah pengenalan mikoriza dan cara pembuatannya, termasuk fungsi mikoriza dalam membantu tanaman menyerap unsur hara, meningkatkan ketahanan terhadap cekaman lingkungan, serta memperbaiki struktur dan kesuburan tanah. Para peserta diberikan panduan teknis pembuatan mikoriza secara mandiri menggunakan bahan-bahan alami yang mudah diperoleh di lingkungan sekitar. Mahasiswa KKN berperan aktif dalam mendampingi pelaksanaan kegiatan, mulai dari membantu penyusunan alat dan bahan, pendampingan saat praktikum pembuatan mikoriza, hingga mengelola sesi diskusi interaktif. Antusiasme para petani terlihat dari semangat bertanya dan berdiskusi selama kegiatan berlangsung. Kegiatan ini menjadi salah satu bentuk nyata sinergi antara dunia akademik dan masyarakat, khususnya petani, dalam menjawab tantangan pertanian masa kini. Dengan diterapkannya teknologi mikoriza, diharapkan pertanian di Nagari Andaleh dapat berkembang secara lebih berkelanjutan, efisien, dan ramah lingkungan. Melalui kegiatan ini, mahasiswa KKN dan dosen Politani turut berkontribusi aktif dalam meningkatkan kapasitas sumber daya manusia di sektor pertanian, sekaligus mempererat hubungan kelembagaan antara kampus dan masyarakat.  ",not_spam
"Mahasiswa KKN PPNP Gelar Kegiatan Pembibitan Cabai dan Wirid Bersama di Jorong Pincuran Gadang Rabu, 30 Juli 2025 – Mahasiswa Kuliah Kerja Nyata (KKN) dari Program Studi Teknologi Produksi Tanaman Pangan, Politeknik Pertanian Negeri Payakumbuh, kembali melanjutkan kegiatan pengabdian masyarakat di Nagari Andaleh, Kecamatan Luak, Kabupaten Lima Puluh Kota. Pada Rabu pagi (30/07), mahasiswa KKN melaksanakan kegiatan pembibitan cabai secara mandiri di halaman posko. Kegiatan ini dilakukan sebagai bagian dari program kerja dalam bidang pertanian, dengan tujuan menghasilkan bibit cabai unggul yang nantinya akan dibagikan kepada masyarakat sekitar. Proses pembibitan dilakukan dengan hati-hati menggunakan media tanam yang telah dipersiapkan. Selain untuk mendukung ketahanan pangan masyarakat, kegiatan ini juga menjadi sarana mahasiswa dalam menerapkan ilmu yang telah dipelajari di kampus secara langsung di lapangan. Diharapkan, bibit cabai yang dibagikan nanti dapat dimanfaatkan masyarakat untuk ditanam di pekarangan rumah masing-masing sebagai sumber pangan sehat dan bernilai ekonomi.   Pada malam harinya, mahasiswa mengikuti kegiatan wirid bersama masyarakat di Masjid Darussalam, Jorong Pincuran Gadang. Kegiatan ini berlangsung setelah salat Maghrib dan diisi dengan pembacaan Al-Qur'an serta ceramah agama. Kehadiran mahasiswa dalam kegiatan wirid ini disambut dengan hangat oleh jamaah masjid, yang mengapresiasi partisipasi aktif mereka dalam kegiatan keagamaan masyarakat. Selain mempererat hubungan sosial antara mahasiswa dan warga, kegiatan wirid ini juga menjadi ruang pembinaan rohani yang sejalan dengan nilai-nilai moral dan spiritual yang dijunjung dalam kehidupan masyarakat Nagari Andaleh.   Dengan pelaksanaan kegiatan yang menyentuh aspek pertanian dan keagamaan, mahasiswa KKN Politani menunjukkan peran aktif mereka sebagai agen perubahan yang peduli terhadap kebutuhan dan dinamika masyarakat.",not_spam
"Mahasiswa KKN PPNP Lanjutkan Pembibitan Cabai dan Persiapan Edukasi Lingkungan di SDN 05 Andaleh Kamis, 31 Juli 2025 – Mahasiswa Kuliah Kerja Nyata (KKN) dari Program Studi Teknologi Produksi Tanaman Pangan, Politeknik Pertanian Negeri Payakumbuh, terus melanjutkan rangkaian kegiatan pengabdian masyarakat di Nagari Andaleh. Pada hari Kamis (31/07), kegiatan mahasiswa difokuskan pada bidang pertanian dan lingkungan sebagai bentuk komitmen dalam mendukung program edukasi berbasis alam dan keberlanjutan. Di pagi hari, mahasiswa kembali melaksanakan kegiatan pembibitan cabai di halaman posko. Kegiatan ini merupakan lanjutan dari pembibitan yang dilakukan sebelumnya, dengan tujuan untuk memperbanyak jumlah bibit yang nantinya akan dibagikan kepada masyarakat sekitar. Dengan media tanam yang telah disiapkan, mahasiswa melakukan penyemaian dan perawatan awal bibit agar tumbuh optimal dan siap tanam.   Selain itu, mahasiswa juga membuat plang edukasi mengenai lama waktu penguraian sampah, yang akan digunakan dalam kunjungan edukatif ke SDN 05 Andaleh pada Sabtu, 2 Agustus 2025 mendatang. Plang ini berisi informasi menarik dan penting mengenai jenis-jenis sampah dan estimasi waktu yang dibutuhkan untuk terurai di alam, seperti plastik, karton dan logam. Tujuannya adalah untuk meningkatkan kesadaran anak-anak usia sekolah dasar tentang pentingnya menjaga kebersihan lingkungan dan mengelola sampah dengan bijak. Pembuatan plang dilakukan secara kreatif dan menarik agar mudah dipahami oleh siswa sekolah dasar. Mahasiswa memanfaatkan bahan-bahan sederhana namun tetap informatif, sehingga materi yang disampaikan saat kunjungan nantinya dapat diterima dengan baik oleh para siswa.   Melalui kegiatan ini, mahasiswa KKN Politani tidak hanya fokus pada pertanian, tetapi juga berperan dalam memberikan edukasi lingkungan kepada generasi muda. Hal ini menunjukkan bahwa program KKN tidak hanya berdampak pada pembangunan fisik dan ekonomi, tetapi juga pada peningkatan kesadaran sosial dan ekologis masyarakat.",not_spam
"Mahasiswa KKN PPNP Ikuti Kegiatan Posyandu Remaja di Jorong Tabek Buruak Andaleh, 1 Agustus 2025 – Mahasiswa Kuliah Kerja Nyata (KKN) dari Program Studi Teknologi Produksi Tanaman Pangan, Politeknik Pertanian Negeri Payakumbuh (PPNP), kembali aktif berpartisipasi dalam kegiatan masyarakat di Nagari Andaleh. Pada hari Jumat (01/08), para mahasiswa mengikuti kegiatan Posyandu Remaja yang dilaksanakan di Jorong Tabek Buruak pada pukul 14.00 WIB. Kegiatan posyandu remaja ini merupakan bagian dari upaya pelayanan kesehatan masyarakat yang difokuskan pada generasi muda, terutama dalam aspek pemantauan kesehatan fisik, gizi, dan pembinaan perilaku hidup sehat. Posyandu remaja menjadi wadah penting untuk meningkatkan kesadaran remaja terhadap pentingnya menjaga kesehatan sejak dini. Kehadiran mahasiswa KKN dalam kegiatan ini sebagai bentuk dukungan moril serta bagian dari proses pembelajaran sosial dan pemetaan kegiatan masyarakat. Meskipun tidak terlibat secara teknis, keikutsertaan mahasiswa memberikan gambaran langsung tentang peran serta lembaga kesehatan dan masyarakat dalam membina remaja di tingkat nagari. Mahasiswa memanfaatkan kesempatan ini untuk berinteraksi langsung dengan remaja di Jorong Tabek Buruak, mendengarkan aspirasi serta kebutuhan mereka, yang nantinya dapat menjadi bahan pertimbangan dalam merancang program kerja lanjutan yang relevan dan bermanfaat. Melalui keterlibatan dalam kegiatan posyandu remaja, mahasiswa KKN PPNP menunjukkan kepedulian mereka tidak hanya dalam bidang pertanian, tetapi juga dalam mendukung kesehatan dan pemberdayaan masyarakat, khususnya generasi muda di nagari tempat mereka mengabdi.  ",not_spam
"Mahasiswa KKN PPNP Sosialisasikan Pengelolaan Sampah dan Vertikultur Bunga di SDN 05 Nagari Andaleh Andaleh, 2 Agustus 2025 – Mahasiswa Kuliah Kerja Nyata (KKN) dari Program Studi Teknologi Produksi Tanaman Pangan, Politeknik Pertanian Negeri Payakumbuh (PPNP), melaksanakan kegiatan edukatif di SDN 05 Nagari Andaleh pada Sabtu (02/08). Kegiatan ini bertujuan untuk menanamkan kesadaran lingkungan kepada siswa sejak dini, melalui sosialisasi, praktek, dan aktivitas kreatif yang melibatkan pemanfaatan sampah. Kegiatan diawali dengan sosialisasi mengenai lama terurainya sampah, terutama sampah plastik dari bungkus makanan ringan yang kerap dihasilkan dari jajanan anak-anak sekolah. Mahasiswa menjelaskan bahwa sampah anorganik seperti plastik membutuhkan waktu ratusan tahun untuk terurai dan dapat mencemari lingkungan jika tidak dikelola dengan baik. Selanjutnya, siswa diajak untuk mengikuti praktek vertikultur dengan menanam bunga menggunakan botol plastik bekas. Kegiatan ini memperkenalkan cara pemanfaatan limbah plastik menjadi media tanam yang estetis dan bermanfaat, sekaligus menambah keindahan lingkungan sekolah. Dengan panduan dari mahasiswa, siswa secara langsung belajar menyusun botol vertikal dan menanam bunga di dalamnya. Sebagai bagian dari kegiatan kreatif, mahasiswa juga mengajak murid untuk mengumpulkan bungkus jajanan mereka sendiri dan memanfaatkannya untuk menghias sketsa gambar yang telah disediakan. Aktivitas ini bertujuan untuk menanamkan nilai kreasi dari sampah serta meningkatkan kesadaran bahwa sampah pun bisa menjadi bagian dari karya seni yang menarik. Melalui kegiatan ini, mahasiswa KKN PPNP tidak hanya menyampaikan pesan lingkungan secara teoritis, tetapi juga menghadirkan pengalaman langsung yang menyenangkan dan mendidik. Semangat siswa dalam mengikuti kegiatan menunjukkan bahwa pendekatan kreatif dapat menjadi cara efektif dalam menanamkan kepedulian terhadap lingkungan sejak usia dini.  ",not_spam
"Posyandu kemuning jorong Tabek buruak Posyandu balita bumil dan lansia jorong Tabek buruak ",not_spam
"Aster 2 jorong Galo gandang Hari Senin tanggal 11/08/2025 kader Goro membersih kan tempat posyandu dan memasang bendera merah putih dan balon dan setelah itu mengumumkan kan di mesjid dan di grup wa.hari Selasa tanggal 12/08/2025 pagi mempersiap kan alat posyandu dan mengumumkan kan kembali di mesjid dan grup wa jam 9 pelaksanaan posyandu di mulai penimbangan dan pemberian vitamin A dan jam 10 pelaksanaan posyandu di mulai dan juga pemberian PMT balita.bumil dan lansia selesai posyandu kader membuat laporan buku 13.kami ucapkan ke pada ibu balita dan bumil dan juga lansia yang telah hadir di posyandu 🙏🙏",not_spam
"Kenanga 1 Assalamu'alaikum  Selamat pagi, hari ini kami posyandu kenanga 1 jorong kp tangah mengadakan  posyandu dg tema pengaktifan posyandu bersama dinas kesehatan, yg d hadiri oleh bapak bupati dan ibu wakil bupati.   Kegiatan d mulai dari pembukaan oleh bapak bupati dan ibu wakil bupati, setelah itu melakukan kegiatan posyandu spt biasa, penimbangan berat badan, pengukuran tinggi badan, pemberian Vit A dan zero dose.  Zero dose kp tangah ada 4 org, BCG 1 orang, boster dpt 3 orang dan pemberian pmt, setelah itu membuat laporan, Terima kasih, Assalamualaikum wr wb",not_spam
"Kegiatan Posyandu Delima Kapalo Koto Kamis 14 Agustus 2025 Rabu 13/08/2025 kader membagikan undangan posyandu ke sasaran. Dan hari Kamis tanggal 14/08/2025, Kepala Jorong mengumumkan di Mesjid. Jam 09.00 Wib pelaksanaan posyandu balita, lansia, dan ibu hamil dimulai, penimbangan serta pemberian Vitamin A pada balita dan juga pemberian PMT balita. Selesai posyandu kader membuat laporan buku 13. Kami ucapkan terima kasih kepada Ibu balita, Ibu hamil, serta lansia yang telah hadir di posyandu hari ini🙏🙏🙏",not_spam
"Posyandu Melur Kemerdekaan 14 Agustus 2025 Kegiatan posyandu bulan ini bertepatan dengan hari kemerdekaan RI. Sebelum hari posyandu para kader sudah mempersiapkan semua keperluan untuk posyandu dan menyebar undangan melalui WA grup posyandu Melur. Antusiasnya kegiatan posyandu kali ini memakai atribut merah putih. Para kader juga memberikan apresiasi untuk ibu balita dan lansia berupa souvenir bagi ibu balita, ibu hamil dan Lansia karena semngat 45 mereka datang ke posyandu.   POSYADU MELUR ...MERDEKA....",not_spam
"Posyandu Flamboyan Baliak Bukik ,Kamis 14-08-2025 Assalamu'alaikum WrWb....... Jam 05.35 wib, sebagian kader memasak PMT sampai selesai. Jam 8.15 wib, kader melakukan himbauan kembali melalui pengeras suara di mesjid bahwasanya kegiatan posyandu balita , lansia akan segera di mulai ,yg bertempat di polindes baliak bukik. Sebagian kader mempersiapkan tempat pelaksanaan posyandu. Jam 09.12 wib, kegiatan posyandu baru di mulai dengan sisrim lima langkah , mulai dari pendaftaran bayi,balita,ibu hamil,usia produktif dan lansia dilanjutkan dg penimbangan,pencatatan,pengukuran tensi , imunisasi , pelayanan dan penyuluhan termasuk penyuluhan KB. Anak balita kami bulan ini sebanyak 19 orang yg hadir 14 orang, ibu hamil 1 orang . Jam 12.17 wib, kegiatan posyandu baru selesai dan lanjut kami melakukan pengisian buku administrasi. Setelah selesai kami kembali membersihkan tempat kegiatan posyandu. Kami mengucapkan terima kasih pada bapak  ibu balita,lansia usia produktif yg telah meluangkan waktunya dan berpartisipasi ntuk hadir di  kegiatan posyandu bulan ini . Kami mengharapkan kehadiran bapak ibuk di posyandu bulan berikutnya.....terima kasih. salam sehat........ Wassalamu'alaikum WrWb......",not_spam
"Mahasiswa KKN Politani 2025 Ikuti Didikan Subuh dan Gelar Makan Bersama Pemuda di Jorong Tabek Buruak Nagari Andaleh Nagari Andaleh, Kecamatan Luak – Minggu, 3 Agustus 2025Mahasiswa Kuliah Kerja Nyata (KKN) Politeknik Pertanian Negeri Payakumbuh (Politani) kembali melaksanakan kegiatan sosial-keagamaan bersama masyarakat Nagari Andaleh. Pada pagi hari, mereka turut serta dalam Didikan Subuh yang rutin diadakan di masjid nagari. Didikan Subuh merupakan program pembinaan generasi muda dalam memperdalam pengetahuan agama Islam serta membiasakan anak-anak dan remaja untuk aktif ke masjid sejak dini. Kegiatan ini diisi dengan shalat Subuh berjamaah, tausiyah, hafalan ayat-ayat pendek, praktik ibadah, dan pembinaan akhlak. Mahasiswa KKN Politani hadir tidak hanya sebagai peserta, tetapi juga ikut mendampingi anak-anak dalam menghafal doa-doa harian serta memberikan motivasi agar terus semangat menuntut ilmu agama. Kehadiran mereka mendapat sambutan positif dari pengurus masjid dan masyarakat karena memberikan energi baru bagi kegiatan keagamaan di nagari. Ketua kelompok KKN menyampaikan bahwa keterlibatan mahasiswa dalam kegiatan keagamaan seperti Didikan Subuh merupakan bentuk dukungan nyata terhadap pembinaan generasi muda. “Kami berharap dengan adanya sinergi antara mahasiswa, masyarakat, dan pengurus masjid, anak-anak semakin bersemangat untuk belajar agama serta memiliki akhlak mulia,” ujarnya.   Tidak berhenti sampai di situ, pada malam harinya mahasiswa KKN Politani juga mengadakan kegiatan makan bersama dengan pemuda Jorong Tabek Buruak. Acara ini menjadi momen kebersamaan yang mempererat hubungan mahasiswa dengan para pemuda nagari. Dalam suasana kekeluargaan, mahasiswa dan pemuda saling bertukar cerita, berdiskusi mengenai kegiatan kepemudaan, serta menyampaikan ide-ide positif untuk membangun nagari.   Melalui kegiatan ini, mahasiswa KKN tidak hanya berkontribusi di bidang pendidikan, pertanian, dan sosial-keagamaan, tetapi juga turut memperkuat jalinan silaturahmi dengan pemuda dan masyarakat setempat.",not_spam
"Mahasiswa KKN Politani 2025 Ikut Gotong Royong dan Wirid Bersama di Nagari Andaleh Nagari Andaleh, Kecamatan Luak – Senin, 4 Agustus 2025Mahasiswa Kuliah Kerja Nyata (KKN) Politeknik Pertanian Negeri Payakumbuh (Politani) kembali menunjukkan kepeduliannya terhadap masyarakat dengan ikut serta dalam kegiatan gotong royong dan wirid bersama di Nagari Andaleh. Pada pagi hari, mahasiswa bersama perangkat nagari, pemuda, serta masyarakat melaksanakan gotong royong di kantor Wali Nagari Andaleh. Kegiatan ini dilakukan dalam rangka persiapan menyambut berbagai acara pada bulan Agustus, khususnya memperingati Hari Kemerdekaan Republik Indonesia. Gotong royong meliputi pemasangan bendera merah putih dan umbul-umbul di sekitar kantor wali nagari, serta membersihkan pekarangan agar suasana terlihat rapi dan semarak. Dengan kerja sama yang solid, kegiatan berjalan lancar dan penuh semangat kebersamaan. Seorang mahasiswa KKN menyampaikan bahwa partisipasi dalam gotong royong merupakan bentuk dukungan terhadap masyarakat dalam menjaga semangat kemerdekaan. “Kami merasa senang bisa ikut berkontribusi, meski sederhana, tapi ini menjadi bagian penting dalam menyemarakkan HUT RI di nagari,” ujarnya.   Tidak hanya pada pagi hari, di malam harinya mahasiswa KKN juga ikut serta dalam wirid bersama masyarakat di Jorong Tabek Buruak. Kegiatan wirid ini menjadi ajang silaturahmi sekaligus penguatan nilai keagamaan di tengah masyarakat. Bacaan wirid, doa, dan tausiyah menambah kekhusyukan suasana, sementara kehadiran mahasiswa memberi warna baru dalam kegiatan rutin tersebut.   Dengan adanya rangkaian kegiatan ini, mahasiswa KKN Politani berusaha tidak hanya fokus pada bidang akademis dan pertanian, tetapi juga membangun kebersamaan serta mempererat hubungan sosial dan spiritual dengan masyarakat Nagari Andaleh.",not_spam
"Mahasiswa KKN Politani 2025 Sosialisasikan dan Demonstrasikan Pembuatan Ecoenzym di Jorong Baliak Bukik Nagari Andaleh, Kecamatan Luak – Selasa, 5 Agustus 2025Mahasiswa Kuliah Kerja Nyata (KKN) Politeknik Pertanian Negeri Payakumbuh (Politani) kembali mengadakan kegiatan pengabdian masyarakat di bidang lingkungan. Pada Selasa, 5 Agustus 2025, mereka melaksanakan sosialisasi dan demonstrasi pembuatan ecoenzym bersama Kelompok Tani Mulia di Jorong Baliak Bukik, Nagari Andaleh. Ecoenzym merupakan cairan serbaguna hasil fermentasi dari sampah organik (kulit buah dan sayur), gula, serta air. Cairan ini memiliki banyak manfaat, di antaranya sebagai pupuk organik cair, pembersih alami, pengendali hama ramah lingkungan, hingga membantu menjaga kebersihan dan kesehatan lingkungan. Kegiatan diawali dengan penyampaian materi sosialisasi mengenai pentingnya pengelolaan sampah rumah tangga agar tidak mencemari lingkungan. Mahasiswa menjelaskan bahwa limbah organik, jika dikelola dengan tepat, dapat diubah menjadi produk bermanfaat seperti ecoenzym.   Selanjutnya, mahasiswa KKN melakukan demonstrasi langsung cara membuat ecoenzym. Bahan-bahan yang digunakan adalah sampah organik berupa kulit buah, gula merah, dan air dengan perbandingan tertentu. Campuran ini kemudian dimasukkan ke dalam wadah tertutup untuk difermentasi selama beberapa bulan hingga menghasilkan cairan ecoenzym siap pakai. Anggota Kelompok Tani Mulia terlihat antusias mengikuti praktik ini. Beberapa dari mereka mencoba langsung mencampurkan bahan dan bertanya mengenai cara penyimpanan serta pemanfaatannya di lahan pertanian. Mahasiswa menjelaskan bahwa penggunaan ecoenzym dapat membantu meningkatkan kesuburan tanah dan mengurangi ketergantungan pada pupuk kimia. Ketua Kelompok Tani Mulia menyampaikan apresiasi atas kegiatan ini. “Sosialisasi seperti ini sangat bermanfaat bagi kami, karena selain mengurangi sampah organik di rumah tangga, ecoenzym juga bisa mendukung pertanian yang lebih ramah lingkungan,” ujarnya. Melalui kegiatan ini, mahasiswa KKN Politani berharap masyarakat semakin sadar akan pentingnya pengelolaan limbah dan dapat mengaplikasikan ecoenzym sebagai solusi sederhana namun berdampak besar bagi lingkungan dan pertanian di Nagari Andaleh.   ",not_spam
"Mahasiswa KKN Politani 2025 Gelar Sosialisasi Layanan Mandiri dan Wirid Bersama di Nagari Andaleh Nagari Andaleh, Kecamatan Luak – Rabu, 6 Agustus 2025Mahasiswa Kuliah Kerja Nyata (KKN) Politeknik Pertanian Negeri Payakumbuh (Politani) terus melanjutkan rangkaian kegiatan pengabdian masyarakat di Nagari Andaleh. Pada Rabu, 6 Agustus 2025, mereka mengadakan sosialisasi layanan mandiri di kantor wali nagari, kemudian pada malam harinya mengikuti wirid bersama masyarakat di Pincuran Gadang. Kegiatan sosialisasi layanan mandiri bertujuan memperkenalkan sistem layanan administrasi nagari yang lebih praktis, di mana masyarakat dapat mengurus berbagai keperluan seperti pencetakan surat keterangan atau pengecekan data kependudukan secara cepat dan mandiri. Mahasiswa KKN ikut berperan aktif dalam menjelaskan tata cara penggunaannya. Mereka memberikan contoh langsung, memandu masyarakat yang ingin mencoba, sekaligus menjawab pertanyaan-pertanyaan yang muncul. Suasana terlihat cukup hangat, karena warga tampak antusias dengan layanan baru yang dinilai dapat memudahkan urusan mereka.   Setelah kegiatan di kantor wali nagari selesai, mahasiswa kembali ke posko untuk beristirahat dan mempersiapkan aktivitas malam hari. Pada malamnya, mereka melanjutkan agenda dengan mengikuti wirid bersama masyarakat di Pincuran Gadang. Kegiatan wirid ini diawali dengan bacaan wirid dan doa, kemudian dilanjutkan dengan tausiyah dari tokoh agama setempat. Mahasiswa KKN duduk bersama masyarakat, larut dalam suasana khidmat dan kebersamaan. Keterlibatan mahasiswa dalam wirid tersebut disambut baik oleh jamaah. Selain mempererat silaturahmi, kehadiran mahasiswa juga menunjukkan bahwa mereka bukan hanya hadir untuk kegiatan akademis, tetapi juga berbaur dalam kehidupan sosial dan keagamaan masyarakat Nagari Andaleh.   Hari itu menjadi salah satu wujud nyata peran mahasiswa KKN yang tidak hanya membantu nagari dalam pengembangan administrasi modern, tetapi juga ikut menjaga dan memperkuat tradisi keagamaan yang sudah mengakar di tengah masyarakat.",not_spam
"Mahasiswa KKN Politani 2025 Nagari Andaleh Produksi Video Koperasi Desa dan Mengajar Mengaji di TPQ Nagari Andaleh, 07 Agustus 2025 – Mahasiswa Kuliah Kerja Nyata (KKN) Politeknik Pertanian Negeri Payakumbuh yang sedang melaksanakan program pengabdian di Nagari Andaleh, Kecamatan Luak, kembali melaksanakan kegiatan rutin dalam rangka mendukung pembangunan nagari. Pada hari Kamis, 07 Agustus 2025, rangkaian kegiatan yang dijalankan berfokus pada bidang ekonomi dan pendidikan masyarakat. Pada siang hari, mahasiswa KKN bersama-sama melakukan pembuatan video koperasi desa. Kegiatan ini merupakan bagian dari program kerja Koperasi Merah Putih Nagari Andaleh. Video tersebut disusun sebagai media promosi dan sosialisasi mengenai manfaat koperasi bagi masyarakat, terutama dalam meningkatkan perekonomian nagari melalui semangat gotong royong. Mahasiswa terlibat dalam proses pengambilan gambar, penyusunan naskah, hingga pengeditan video agar hasilnya dapat menarik dan mudah dipahami oleh warga. Melalui pembuatan video ini, diharapkan koperasi desa semakin dikenal dan mampu menjadi wadah ekonomi kreatif serta mandiri bagi masyarakat Nagari Andaleh. Program ini juga menjadi bentuk kontribusi nyata mahasiswa dalam mengembangkan inovasi promosi yang sesuai dengan perkembangan teknologi digital.   Pada malam harinya, mahasiswa melanjutkan pengabdian dengan mengajar mengaji di TPQ Istiqomah Jorong Tabek Buruak. Kegiatan ini sudah menjadi rutinitas harian selama KKN, sebagai upaya untuk menanamkan nilai-nilai keagamaan sejak dini kepada anak-anak di nagari. Dengan penuh kesabaran, mahasiswa membimbing santri dalam membaca Al-Qur’an, memperbaiki tajwid, serta menanamkan semangat cinta agama.   Rangkaian kegiatan pada hari ini mencerminkan komitmen mahasiswa KKN dalam mendukung dua aspek penting pembangunan nagari, yaitu pemberdayaan ekonomi masyarakat melalui koperasi dan pendidikan karakter keagamaan bagi generasi muda.",not_spam
"Mahasiswa KKN Politani 2025 Nagari Andaleh Gelar Kegiatan Sosialisasi dan Demonstrasi Pembuatan MOL Bonggol Pisang Bersama Kelompok Tani B3A Nagari Andaleh, 08 Agustus 2025 – Mahasiswa Kuliah Kerja Nyata (KKN) Politeknik Pertanian Negeri Payakumbuh melaksanakan kegiatan sosialisasi sekaligus demonstrasi pembuatan Mikroorganisme Lokal (MOL) berbahan bonggol pisang bersama Kelompok Tani B3A di Jorong Baliak Bukik, Nagari Andaleh, Kecamatan Luak. Kegiatan ini bertujuan untuk memberikan pemahaman kepada petani mengenai manfaat MOL sebagai pupuk organik cair yang ramah lingkungan, mudah dibuat, serta ekonomis. Sosialisasi diawali dengan penyampaian materi oleh mahasiswa KKN tentang kandungan nutrisi pada bonggol pisang, peranan mikroorganisme dalam meningkatkan kesuburan tanah, serta keunggulan MOL dibandingkan pupuk kimia.   Setelah sesi penyampaian materi, mahasiswa melanjutkan dengan demonstrasi langsung pembuatan MOL. Proses pembuatan dimulai dengan menyiapkan bonggol pisang yang telah dicacah, kemudian dicampur dengan bahan tambahan seperti air beras, gula merah, dan air bersih. Campuran tersebut kemudian difermentasi dalam wadah tertutup selama beberapa minggu hingga menghasilkan larutan MOL siap pakai. Anggota Kelompok Tani B3A terlihat antusias mengikuti setiap tahap kegiatan. Mereka juga aktif berdiskusi dan menanyakan manfaat praktis penggunaan MOL untuk tanaman pangan dan hortikultura di lahan pertanian mereka. Melalui kegiatan ini, mahasiswa KKN berharap petani di Nagari Andaleh dapat mengurangi ketergantungan pada pupuk kimia dan mulai beralih menggunakan pupuk organik yang lebih ramah lingkungan, murah, serta mampu memperbaiki kualitas tanah dalam jangka panjang.   Kegiatan pembuatan MOL bersama kelompok tani ini menjadi bukti nyata kontribusi mahasiswa KKN dalam mendukung pertanian berkelanjutan dan meningkatkan pengetahuan petani di Nagari Andaleh.",not_spam
"Mahasiswa KKN Politani 2025 Bantu Pengukuran Poligon Lahan dan Ikuti Wirid Malam di Jorong Baliak Bukik Nagari Andaleh, 09 Agustus 2025 – Mahasiswa Kuliah Kerja Nyata (KKN) Politeknik Pertanian Negeri Payakumbuh kembali melaksanakan kegiatan pengabdian masyarakat di Nagari Andaleh, Kecamatan Luak. Pada hari Sabtu, 09 Agustus 2025, mahasiswa turut membantu anggota Kelompok Tani B3A dalam kegiatan pengukuran poligon lahan pertanian yang dimiliki oleh salah satu anggota kelompok. Pengukuran poligon lahan ini dilakukan untuk mengetahui batas dan luas lahan secara lebih akurat. Kegiatan tersebut penting sebagai dasar dalam perencanaan pengelolaan lahan pertanian, baik untuk penataan tanaman, pembangunan sarana irigasi, maupun kepentingan administrasi pertanahan. Dalam prosesnya, mahasiswa membantu pengoperasian alat ukur, mencatat hasil pengukuran, serta memastikan titik-titik batas lahan terekam dengan jelas. Melalui keterlibatan ini, mahasiswa tidak hanya belajar secara praktis mengenai teknik pengukuran poligon, tetapi juga memberikan manfaat langsung bagi petani dalam mengoptimalkan pengelolaan lahan mereka.   Pada malam harinya, mahasiswa melanjutkan kegiatan dengan mengikuti wirid bersama masyarakat Jorong Baliak Bukik. Wirid ini menjadi ajang mempererat hubungan silaturahmi dengan warga serta memperdalam nilai-nilai keagamaan. Kehadiran mahasiswa dalam kegiatan wirid diharapkan dapat memberikan contoh positif sekaligus menunjukkan kepedulian mereka terhadap kehidupan sosial dan spiritual masyarakat nagari.   Rangkaian kegiatan hari ini mencerminkan sinergi mahasiswa KKN dengan masyarakat, baik dalam bidang teknis pertanian maupun pembinaan keagamaan, yang sejalan dengan tujuan utama KKN yaitu mendukung pembangunan nagari secara berkelanjutan.",not_spam
"Mahasiswa KKN Politani 2025 Ikut Serta dalam Didikan Subuh di Jorong Tabek Buruak Nagari Andaleh Nagari Andaleh, 10 Agustus 2025 – Mahasiswa Kuliah Kerja Nyata (KKN) Politeknik Pertanian Negeri Payakumbuh yang sedang melaksanakan pengabdian di Nagari Andaleh, Kecamatan Luak, pada hari Minggu, 10 Agustus 2025, mengikuti kegiatan Didikan Subuh bersama masyarakat dan generasi muda di Jorong Tabek Buruak. Kegiatan Didikan Subuh ini diawali dengan shalat Subuh berjamaah di masjid setempat, dilanjutkan dengan pembacaan Al-Qur’an dan tausiyah agama. Mahasiswa KKN hadir untuk mendampingi anak-anak serta remaja dalam kegiatan pembinaan keagamaan tersebut, sekaligus memberikan motivasi agar mereka semakin giat belajar agama. Selain pembacaan Al-Qur’an, Didikan Subuh juga diisi dengan hafalan doa sehari-hari dan nasehat akhlak. Mahasiswa KKN ikut berinteraksi langsung dengan para santri, sehingga tercipta suasana yang akrab dan penuh semangat. Melalui keterlibatan ini, mahasiswa berharap dapat mendukung upaya masyarakat dalam membentuk generasi muda Nagari Andaleh yang beriman, berakhlak mulia, serta memiliki rasa kebersamaan yang kuat. Kehadiran mahasiswa KKN di kegiatan Didikan Subuh Jorong Tabek Buruak menjadi wujud nyata pengabdian yang tidak hanya menyentuh bidang pertanian dan ekonomi, tetapi juga pembinaan spiritual dan moral masyarakat nagari.  ",not_spam
"Mahasiswa KKN Politani 2025 Gelar Kegiatan Sosialisasi dan Demonstrasi Pembuatan Pestisida Nabati di Jorong Pincuran Gadang Nagari Andaleh Nagari Andaleh, 11 Agustus 2025 – Mahasiswa Kuliah Kerja Nyata (KKN) Politeknik Pertanian Negeri Payakumbuh (Politani) menggelar kegiatan sosialisasi dan demonstrasi pembuatan pestisida nabati dari daun sirsak dan bawang putih di Jorong Pincuran Gadang, Nagari Andaleh, Kecamatan Luak. Materi kegiatan ini dibawakan langsung oleh Nur Azizah Siregar, salah seorang mahasiswa KKN. Dalam pemaparannya, ia menjelaskan bahwa pestisida nabati merupakan alternatif ramah lingkungan untuk mengendalikan hama tanaman. Daun sirsak mengandung senyawa alami yang berfungsi sebagai insektisida, sedangkan bawang putih mengandung allicin yang efektif menghambat perkembangan jamur serta mengusir serangga. Usai sesi sosialisasi, Nur Azizah bersama mahasiswa KKN lainnya memperagakan demonstrasi pembuatan pestisida nabati. Prosesnya dimulai dengan menghaluskan daun sirsak dan bawang putih, mencampurnya dengan air, lalu menyaring hingga menghasilkan larutan pestisida nabati siap digunakan. Masyarakat Jorong Pincuran Gadang mengikuti kegiatan dengan antusias. Banyak dari mereka yang aktif bertanya mengenai cara aplikasi di lahan, takaran penggunaan, serta daya simpan pestisida nabati tersebut. Kehadiran mahasiswa KKN dengan materi yang praktis dan mudah dipahami membuat kegiatan ini semakin bermanfaat.   Melalui sosialisasi dan demonstrasi ini, diharapkan petani dapat memanfaatkan bahan alami yang tersedia di lingkungan sekitar, sehingga penggunaan pestisida kimia berkurang dan sistem pertanian berkelanjutan di Nagari Andaleh semakin terwujud.",not_spam
"Mahasiswa KKN Politani 2025 Ikut Serta dalam Kegiatan Posyandu di Jorong Tabek Buruak dan Galo Gandang Nagari Andaleh, 12 Agustus 2025 – Mahasiswa Kuliah Kerja Nyata (KKN) Politeknik Pertanian Negeri Payakumbuh turut berpartisipasi dalam kegiatan Posyandu yang dilaksanakan secara bersamaan di dua lokasi, yaitu Jorong Tabek Buruak dan Jorong Galo Gandang, Nagari Andaleh, Kecamatan Luak. Kegiatan Posyandu ini merupakan agenda rutin nagari dalam rangka meningkatkan kesehatan masyarakat, khususnya ibu hamil, balita, dan lansia. Mahasiswa KKN membantu kader posyandu dalam berbagai aktivitas, mulai dari pendaftaran peserta, pengukuran berat dan tinggi badan balita, penimbangan, hingga pencatatan hasil pemeriksaan kesehatan. Selain itu, mahasiswa juga berperan aktif mendampingi tenaga kesehatan dalam memberikan edukasi gizi kepada masyarakat, sekaligus membantu menjaga kelancaran jalannya kegiatan di kedua jorong. Kehadiran mahasiswa di dua lokasi ini menunjukkan komitmen mereka untuk selalu dekat dengan masyarakat dan mendukung program kesehatan nagari. Antusiasme warga terlihat dari tingginya jumlah peserta yang hadir di Posyandu, baik di Tabek Buruak maupun di Galo Gandang. Masyarakat menyambut baik keterlibatan mahasiswa KKN karena memberikan tambahan tenaga dan semangat baru bagi kader posyandu setempat. Melalui kegiatan ini, mahasiswa KKN tidak hanya belajar tentang pentingnya kesehatan masyarakat desa, tetapi juga ikut berkontribusi nyata dalam upaya meningkatkan kualitas kesehatan generasi muda dan masyarakat Nagari Andaleh.  ",not_spam
"Mahasiswa KKN Politani 2025 Ikut Sukseskan Pelaksanaan Posyandu di Nagari Andaleh Andaleh, 13 Agustus 2025 – Mahasiswa Kuliah Kerja Nyata (KKN) Politeknik Pertanian Negeri Payakumbuh (Politani) yang tengah melaksanakan pengabdian di Nagari Andaleh, Kecamatan Luak, turut serta dalam kegiatan pengaktifan Posyandu Kabupaten Lima Puluh Kota. Acara ini diselenggarakan di Kantor Wali Nagari Andaleh dengan penuh semangat dan antusiasme masyarakat. Kegiatan ini menjadi istimewa karena dihadiri langsung oleh Bupati Kabupaten Lima Puluh Kota, yang memberikan dukungan penuh terhadap program kesehatan masyarakat melalui optimalisasi peran Posyandu sebagai garda terdepan pelayanan kesehatan ibu dan anak. Selain itu, acara ini juga menghadirkan Yulia Masna, SKM sebagai pemateri utama. Beliau menyampaikan materi seputar pentingnya keberlanjutan Posyandu dalam meningkatkan kualitas kesehatan, pencegahan stunting, serta peningkatan kesadaran masyarakat akan gizi seimbang dan pola hidup sehat. Mahasiswa KKN Politani 2025 ikut berpartisipasi dalam membantu jalannya acara, mulai dari persiapan teknis, mendampingi peserta, hingga mendukung dokumentasi kegiatan. Keterlibatan mahasiswa ini tidak hanya menjadi bentuk pengabdian, tetapi juga memberikan pengalaman berharga dalam berinteraksi langsung dengan masyarakat dan instansi pemerintahan. Wali Nagari Andaleh mengapresiasi keterlibatan mahasiswa KKN yang dinilai mampu menambah energi positif dan semangat kebersamaan dalam kegiatan ini. Diharapkan dengan aktifnya kembali Posyandu, masyarakat dapat lebih mudah mengakses layanan kesehatan dasar, terutama bagi ibu hamil, balita, dan lansia. Kegiatan Posyandu ini menjadi bukti nyata sinergi antara pemerintah daerah, tenaga kesehatan, masyarakat, dan mahasiswa KKN dalam mendukung terwujudnya Lima Puluh Kota Sehat dan Sejahtera.  ",not_spam
"Mahasiswa KKN Politani 2025 Gelar Sosialisasi dan Demonstrasi Pembuatan PGPR di Kelompok Tani Luak Joki Kapalo Koto Nagari Andaleh – Jum’at, 15 Agustus 2025Mahasiswa Kuliah Kerja Nyata (KKN) Politeknik Pertanian Negeri Payakumbuh (Politani) Tahun 2025 melaksanakan kegiatan sosialisasi dan demonstrasi pembuatan Plant Growth Promoting Rhizobacteria (PGPR) dari akar bambu bersama Kelompok Tani Luak Joki Kapalo Koto, Nagari Andaleh, Kecamatan Luak, Kabupaten Lima Puluh Kota. Kegiatan ini bertujuan memberikan pemahaman kepada petani mengenai manfaat PGPR sebagai pupuk hayati yang mampu merangsang pertumbuhan tanaman, meningkatkan ketersediaan unsur hara, serta memperkuat ketahanan tanaman terhadap penyakit. Mahasiswa KKN menjelaskan teori dasar mengenai PGPR dan potensi pemanfaatannya dalam budidaya pertanian berkelanjutan. Setelah sesi pemaparan, dilanjutkan dengan demonstrasi pembuatan PGPR menggunakan akar bambu, mulai dari tahap pencacahan bahan, proses perendaman, hingga fermentasi sederhana. Ketua Kelompok Tani Luak Joki Kapalo Koto mengapresiasi kegiatan ini karena dinilai memberikan tambahan pengetahuan baru yang bermanfaat dan mudah dipraktikkan. Meski demikian, hingga saat ini PGPR yang dihasilkan masih berupa larutan hasil demonstrasi dan belum diaplikasikan langsung ke lahan petani. Aplikasi di lapangan akan menjadi langkah lanjutan yang diharapkan dapat dilakukan setelah proses fermentasi PGPR selesai. Melalui kegiatan ini, mahasiswa KKN Politani berharap petani dapat mengenal lebih dekat teknologi hayati ramah lingkungan, sehingga ke depan mampu mengurangi ketergantungan pada pupuk kimia dan meningkatkan hasil pertanian dengan biaya yang lebih efisien.  ",not_spam
"Mahasiswa KKN Politani 2025 Gelar Sosialisasi dan Demonstrasi Pembuatan Pestisida Nabati di KWT Flamboyan Jorong Baliak Bukik Nagari Andaleh – Sabtu, 16 Agustus 2025Mahasiswa Kuliah Kerja Nyata (KKN) Politeknik Pertanian Negeri Payakumbuh (Politani) Tahun 2025 kembali mengadakan kegiatan pengabdian masyarakat di Nagari Andaleh, Kecamatan Luak, Kabupaten Lima Puluh Kota. Kali ini, kegiatan dilaksanakan bersama Kelompok Wanita Tani (KWT) Flamboyan Jorong Baliak Bukik berupa pembuatan pestisida nabati dari daun pepaya dan bawang putih. Pestisida nabati dipilih karena memiliki keunggulan ramah lingkungan, mudah dibuat, serta bahan bakunya tersedia di sekitar lingkungan masyarakat. Daun pepaya diketahui mengandung senyawa alkaloid dan papain yang berfungsi sebagai insektisida alami, sedangkan bawang putih mengandung allicin yang efektif mengusir hama. Dalam kegiatan ini, mahasiswa KKN memberikan penjelasan mengenai manfaat, dosis, serta cara pengolahan bahan menjadi larutan pestisida nabati. Setelah sosialisasi, dilanjutkan dengan demonstrasi langsung pembuatan pestisida nabati, mulai dari proses pencucian dan penghalusan daun pepaya serta bawang putih, perendaman, hingga tahap penyaringan. Ketua KWT Flamboyan menyampaikan apresiasi atas kegiatan ini karena dinilai bermanfaat untuk mengurangi penggunaan pestisida kimia yang selama ini cukup dominan di lahan pertanian. Meski demikian, pestisida nabati yang dibuat pada kegiatan ini masih dalam tahap uji coba awal dan belum diaplikasikan langsung ke tanaman anggota kelompok tani. Mahasiswa KKN Politani berharap pelatihan ini dapat menjadi langkah awal bagi petani dan anggota KWT untuk menerapkan teknologi pertanian ramah lingkungan. Dengan penggunaan pestisida nabati, diharapkan kualitas hasil pertanian semakin baik dan kesehatan lingkungan tetap terjaga.",not_spam
"Mahasiswa KKN Politani 2025 Ikuti Upacara HUT RI ke-80 di Kecamatan Luak dan Pengibaran Bendera Raksasa Nagari Andaleh – Minggu, 17 Agustus 2025Mahasiswa Kuliah Kerja Nyata (KKN) Politeknik Pertanian Negeri Payakumbuh (Politani) Tahun 2025 turut serta dalam peringatan Hari Ulang Tahun (HUT) ke-80 Kemerdekaan Republik Indonesia yang dilaksanakan serentak di Kecamatan Luak, Kabupaten Lima Puluh Kota. Pagi hari, mahasiswa KKN menghadiri upacara bendera tingkat Kecamatan Luak yang dipusatkan di Nagari Sungai Kamuyang. Upacara berlangsung khidmat dan diikuti oleh jajaran pemerintah kecamatan, wali nagari, perangkat nagari, pelajar, organisasi kepemudaan, dan masyarakat. Pada waktu yang sama, berlangsung pula upacara pengibaran bendera merah putih raksasa di Jorong Tanjuang Baruh, Nagari Andaleh. Kegiatan ini dipelopori oleh Mapala Universitas Andalas (Unand) bekerja sama dengan Poltapala Politani Payakumbuh. Bendera berukuran besar tersebut dikibarkan di tebing perbukitan Tanjuang Baruh, menghadirkan suasana meriah dan penuh semangat nasionalisme. Kedua kegiatan tersebut menunjukkan beragam cara masyarakat Kecamatan Luak dalam memperingati hari kemerdekaan. Upacara resmi tingkat kecamatan menjadi simbol penghormatan kepada para pahlawan, sementara pengibaran bendera raksasa mencerminkan kreativitas dan semangat patriotisme generasi muda. Mahasiswa KKN Politani yang terlibat dalam kedua kegiatan menyampaikan kebanggaan dapat berpartisipasi langsung. Momentum ini diharapkan dapat mempererat kebersamaan dan menumbuhkan semangat juang dalam mengisi kemerdekaan, khususnya melalui pengabdian kepada masyarakat.",not_spam
"Mahasiswa KKN Politani 2025 Gelar Lomba 17 Agustus dan Hadiri Wirid Bersama Masyarakat Jorong Tabek Buruak Nagari Andaleh – Senin, 18 Agustus 2025Dalam rangka memeriahkan Hari Ulang Tahun (HUT) ke-80 Kemerdekaan Republik Indonesia, mahasiswa Kuliah Kerja Nyata (KKN) Politeknik Pertanian Negeri Payakumbuh (Politani) Tahun 2025 berkolaborasi dengan pemuda Jorong Tabek Buruak, Nagari Andaleh, Kecamatan Luak menyelenggarakan berbagai perlombaan pada Senin, 18 Agustus 2025. Beragam lomba tradisional digelar untuk anak-anak, remaja, hingga dewasa, di antaranya balap karung, tarik tambang, dan makan kerupuk. Kegiatan berlangsung meriah dengan suasana penuh keceriaan dan kebersamaan. Mahasiswa KKN turut membantu mempersiapkan perlombaan, mendampingi peserta, serta menyediakan hadiah bagi pemenang. Ketua pemuda Jorong Tabek Buruak mengapresiasi kerja sama mahasiswa KKN yang dinilai menambah semangat perayaan kemerdekaan di nagari. “Dengan adanya kegiatan ini, masyarakat terutama generasi muda semakin merasa terlibat dalam mengisi kemerdekaan dengan hal-hal positif,” ujarnya. Pada malam harinya, mahasiswa KKN Politani diundang masyarakat untuk menghadiri wirid rutin di Masjid Istiqomah Jorong Tabek Buruak. Seusai wirid, kegiatan dilanjutkan dengan makan bersama antara mahasiswa, tokoh masyarakat, dan jamaah masjid. Kegiatan malam tersebut menjadi ajang silaturahmi yang semakin mempererat hubungan antara mahasiswa KKN dengan masyarakat Jorong Tabek Buruak. Mahasiswa menyampaikan rasa syukur dan terima kasih atas sambutan hangat dari masyarakat yang selalu mendukung keberlangsungan program kerja KKN. Melalui rangkaian kegiatan siang dan malam ini, mahasiswa KKN Politani berharap semangat kebersamaan, gotong royong, serta ukhuwah islamiyah di masyarakat dapat semakin terjalin erat.",not_spam
"Mahasiswa KKN Politani 2025 Gelar Sosialisasi Pertanian Ramah Lingkungan di Jorong Tabek Buruak Nagari Andaleh  – Selasa, 19 Agustus 2025Mahasiswa Kuliah Kerja Nyata (KKN) Politeknik Pertanian Negeri Payakumbuh (Politani) Tahun 2025 kembali melaksanakan program kerja di Jorong Tabek Buruak, Nagari Andaleh, Kecamatan Luak, Kabupaten Lima Puluh Kota. Kali ini, kegiatan difokuskan pada sosialisasi dan demonstrasi inovasi pertanian ramah lingkungan, yang dihadiri oleh masyarakat setempat dengan penuh antusias. Kegiatan ini terdiri dari beberapa rangkaian utama, yaitu: 1. Sosialisasi Padi Gogo (Padi Ladang) Mahasiswa memberikan penjelasan mengenai potensi pengembangan padi gogo atau padi ladang sebagai alternatif budidaya di daerah dengan keterbatasan irigasi. Padi gogo memiliki kemampuan beradaptasi dengan lahan kering dan tidak memerlukan pengairan intensif seperti padi sawah. Dalam pemaparannya, mahasiswa juga menjelaskan perbedaan mendasar antara padi gogo dan padi sawah, keunggulan padi gogo pada lahan perbukitan, serta prospek ekonominya.   2. Sosialisasi dan Demonstrasi Pembuatan Pupuk Organik Cair (POC) dari Limbah Kulit Pisang Limbah kulit pisang yang sering terbuang diperkenalkan sebagai bahan dasar pembuatan POC. Mahasiswa menerangkan bahwa kulit pisang kaya akan kalium dan unsur mikro lain yang bermanfaat bagi tanaman. Demonstrasi dilakukan mulai dari tahap pengumpulan kulit pisang, pencacahan, pencampuran dengan air dan bahan tambahan fermentasi, hingga proses penyimpanan dalam wadah tertutup selama beberapa hari. Masyarakat terlihat antusias karena metode ini dinilai sederhana dan mudah dipraktikkan di rumah tangga.   3. Pengenalan Alat Aplikasi Pupuk Anorganik Mahasiswa memperkenalkan alat sederhana untuk menabur pupuk anorganik agar lebih efisien. Dengan alat ini, pupuk dapat disebarkan secara merata sesuai dosis yang dibutuhkan tanaman. Masyarakat setempat menyatakan ketertarikan terhadap inovasi ini karena dinilai dapat menghemat biaya sekaligus tenaga dalam pemupukan.   4. Demonstrasi Pembuatan Kompos dengan Campuran Pupuk Kandang Selain pupuk cair, mahasiswa juga memperagakan pembuatan pupuk organik padat melalui pengolahan bahan organik dengan campuran pupuk kandang ayam, sapi dan kambing. Dijelaskan bahwa kompos ini bermanfaat untuk memperbaiki struktur tanah, meningkatkan kapasitas air, serta menyediakan unsur hara makro dan mikro bagi tanaman. Proses yang ditunjukkan meliputi pencampuran bahan, penumpukan, hingga cara menjaga kelembaban agar proses dekomposisi berjalan optimal.   Masyarakat Jorong Tabek Buruak terlihat sangat bersemangat mengikuti setiap sesi kegiatan. Banyak dari mereka yang aktif bertanya mengenai cara fermentasi POC, lama waktu pengomposan, hingga cara mengombinasikan pupuk organik dengan pupuk anorganik di lahan pertanian. Beberapa petani bahkan menyampaikan keinginan untuk mencoba membuat POC kulit pisang secara mandiri di rumah. Mahasiswa KKN Politani menyampaikan harapannya agar kegiatan ini menjadi langkah awal bagi petani untuk lebih memanfaatkan sumber daya lokal. Dengan penerapan teknologi sederhana ini, diharapkan petani dapat mengurangi ketergantungan pada pupuk kimia, meningkatkan produktivitas lahan, sekaligus menjaga kelestarian lingkungan. “Kegiatan ini bukan hanya memberikan pengetahuan, tetapi juga praktik nyata yang bisa diterapkan oleh masyarakat. Semoga setelah KKN selesai, masyarakat dapat melanjutkan inovasi ini secara mandiri,” ungkap salah seorang mahasiswa KKN. Dengan terlaksananya kegiatan ini, mahasiswa KKN Politani menegaskan komitmennya untuk terus mendampingi masyarakat dalam mengembangkan pertanian berkelanjutan dan ramah lingkungan di Nagari Andaleh, khususnya di Jorong Tabek Buruak.",not_spam
"Acara Perpisahan Mahasiswa KKN Politani 2025 di Nagari Andaleh Berlangsung Hangat di Aula TPQ Istiqomah Jorong Tabek Buruak Rabu, 20 Agustus 2025, mahasiswa KKN Politani 2025 mengakhiri masa pengabdiannya di Nagari Andaleh dengan menggelar acara perpisahan di Aula TPQ Istiqomah, Jorong Tabek Buruak. Sejak siang hari, mahasiswa bersama masyarakat melakukan kegiatan bersih-bersih dan masak bersama sebagai bentuk persiapan sederhana untuk menyambut malam perpisahan.   Acara yang berlangsung pada malam hari dihadiri oleh Wali Nagari Andaleh, Kepala Jorong Tabek Buruak, Ketua Karang Taruna IPNA, Ketua Pemuda Jorong se-Kenagarian Andaleh, serta masyarakat setempat. Suasana penuh kehangatan tercipta melalui sambutan, ungkapan terima kasih, dan pesan dari mahasiswa maupun tokoh masyarakat. Sebelum makan bersama, mahasiswa KKN menayangkan after movie atau dokumenter kegiatan KKN yang berisi rangkaian program kerja, aktivitas, serta kebersamaan dengan masyarakat selama berada di Nagari Andaleh. Pemutaran video tersebut menghadirkan suasana haru sekaligus kebanggaan, karena mampu menggambarkan kontribusi dan pengalaman berharga yang terjalin selama satu bulan penuh. Rangkaian perpisahan kemudian ditutup dengan makan bersama, yang menjadi momen kebersamaan terakhir antara mahasiswa KKN dan masyarakat. Meski penuh rasa haru, acara ini meninggalkan kesan mendalam, baik bagi mahasiswa maupun masyarakat, bahwa kebersamaan dan kerja sama selama KKN akan selalu menjadi kenangan berharga.  ",not_spam
"Mahasiswa KKN Politani 2025 Bagikan Bibit Cabai dan Irigasi Tetes, Sekaligus Pamit ke Masyarakat Nagari Andaleh Nagari Andaleh – Kamis, 21 Agustus 2025Memasuki hari terakhir masa pengabdian, mahasiswa KKN Politeknik Pertanian Negeri Payakumbuh (Politani) Tahun 2025 di Nagari Andaleh, Kecamatan Luak, menggelar kegiatan penutup yang penuh makna. Pada Kamis, 21 Agustus 2025, mahasiswa membagikan bibit cabai dan instalasi irigasi tetes sederhana kepada masyarakat sekitar posko Jorong Tabek Buruak sebagai bentuk kontribusi nyata dalam mendukung pertanian masyarakat. Pembagian bibit dan irigasi tetes ini disambut antusias warga, karena diharapkan dapat membantu meningkatkan produktivitas pekarangan sekaligus memperkenalkan teknologi sederhana yang hemat air. Selain itu, kegiatan ini menjadi wujud nyata implementasi ilmu pertanian yang dibawa mahasiswa ke tengah masyarakat.   Usai pembagian bibit, mahasiswa KKN melanjutkan agenda pamitan dan penyerahan kenang-kenangan ke kantor Wali Nagari Andaleh sebagai simbol terima kasih atas dukungan selama pelaksanaan program. Pamitan juga dilakukan secara langsung kepada masyarakat sekitar Jorong Tabek Buruak yang selama ini telah menjadi bagian penting dari keberlangsungan kegiatan mahasiswa. Suasana haru terasa saat mahasiswa berpamitan. Wali Nagari Andaleh menyampaikan apresiasi atas dedikasi dan kontribusi mahasiswa selama satu bulan, sementara masyarakat juga mengungkapkan rasa terima kasih atas ilmu, tenaga, dan kebersamaan yang terjalin.   Bagi mahasiswa, hari terakhir ini menjadi penutup yang manis dari perjalanan KKN mereka di Nagari Andaleh. Bibit cabai, irigasi tetes, dan kenang-kenangan yang ditinggalkan diharapkan dapat terus memberi manfaat meski masa pengabdian telah berakhir.",not_spam
"Posyandu kemuning jorong Tabek buruak Posyandu hari ini di mulai pukul 8.30 Sasaran nya ada balita ,bumil dan lansia  Juga melaksanakan kegiatan kelas ibu balita umur 2-5 th  Sasaran balita yg tidak dtg ada 3 orang  Balita 2 orang imunisasi dpt 2  Alhamdulillah posyandu hari ini ramai.. Mudah""an bulan berikutnya bisa 100 %",not_spam
"September sehat bersama kenanga2 Pada hari selasa ditanggal 9 bulan september ini kita mengadakan posyandu . Seperti biasa dipagi hari kami mempersiapkan dan membagai tugas untuk kegiatan ini . Pada bulan ini kita juga mengadakan di posyandu ini berbagai kegiatan yaitu pemberian polio2 ,dpt3/p4 ,dpt1/p2 ,dpt2/p3 .dan pada bulan ini juga ada penyulahan kb dan juga cek gula darah. Alhamdulillah acara kita dibulan ini lancar ,dan semoga kita diberiksehatan ,kebahagian,dan umur yang panjang . Dan bisa bertemu lagi  di bulan depan . Salam sehat .",not_spam
"Kenanga 1 September ceria Assalamu'alaikum wr wb   Hari ini hari rabu tanggal 10 September 2025,kami kader posyandu jorong kp tangah mengadakan kegiatan posyandu, dimulai dari jam O9. 00 s/d selesai, untuk bulan ini kami di beri motifasi oleh ketua pos yandu ibu jorong bagi sasaran yg datang di beri kan 2 bh sabun cuci . Alhamdullilah yg datang cukup memuas kan..   Hari ini dilakukan juga pemeriksaan gula darah, , suntik pcv, dpt 3,boster dpt, bcg, polio. Setelah pemeriksaan selesai kmi pun membuat laporan, dan kegiatan posyandu selesai, alhamdulillah Wassalamu'alaikum wr wb",not_spam
"Posyandu aster 1 Kegiatan posyandu kami hari ini dihadiri oleh 100% bayi dan balita, 1 orang ibu hamil dan 30 lansia.",not_spam
"Posyandu Melur September 2025 H -1 ibu kader mulai berbelanja mempersiapkan untuk pembuatan PMT. Setelah itu mempersiapkan tempat dan membersihkan tempat posyandu di kantor jorong. Sebelum posyandu di mulai, setelah shalat subuh ibu kader memasak bersama membuat PMT berupa nasi goreng pakai ayam. Jam 8.00 pagi posyandu pun di mulai dan berjalan lancar sampai selesai. Balita, ibu hamil dan lansia begitu antusias mengikuti posyandu kali ini.",not_spam
"Posyandu Flamboyan Baliak Bukik , Kamis 11-09-2025 Salam Sehat...... Assalamu'alaikum WrWb....... Pukul 05.00 wib, sebagian kader membuat PMT Penyuluhan sampai siap Pukul 08.07 wib, kader yg tidak ikut memasak melakukan himbauan ulang kembali melalui pengeras suara  di mesjid serta membagi tugas dan mempersiapkan tempat kegiatan posyandu di polindes baliak bukik. Pukul 08.40 wib, kegiatan posyandu siap dimulai, kami kader melakukan pendaftaran,penimbangan,pencatatan,penyuluhan,pelayanan pada balita, lansia, usia produktif, ibu hamil serta pengukuran tensi lansia, usia produktif dan imunisasi sampai selesai. Bulan ini kami ada di dampingi oleh salah petugas linmas . Pukul 12.14 wib, kami sudah selesai melakukan kegiatan posyandu dan di lanjutkan dengan pengisian buku 13 secara bersama sama setelah selesai kami kembali merapikan tempat kegiatan posyandu. Kami mengucapkan terima kasih pada ibu balita, ibu hamil, bapak ibu lansia dan usia produktif yang telah meluangkan waktunya ntuk datang ke posyandu, semoga pelayanan yg kader berikan bermanfaat bagi bapak ibuk semua. Kami mengharapkan ntuk kehadirannya di posyandu bulan depan. Wassalamu'alaikum WrWb......... Salam Sehat untuk kita semua  ",not_spam
"Kenangan 1 kampuang tangah Assalamu'alaikum..  Selamat pagi..hari ini kami posyandu kenanga 1 jorong kampuang tangah mengadakan kegiatan rutin posyandu di kantua jorong...  Kegiatan kami mulai jam 08.30 dengan sasaran balita, ibu hamil dan lansia. Edukasi dari puskesmas tentang penyuluhan kb dan pemeriksaan iva.  Imunisasi campak 1 orang, booster 2 orang dan pemberian obat cacing dan pemberian pmt. Dan tambahan dari ibuk jorong hadiah buat penyemangat datang ke posyandu serta membuat laporan..kegiatan posyandu selesai jam 11.30 wib.. ",not_spam
"Posyandu Melur Tarok 9 Oktober 2025 Kegiatan posyandu di bulan Oktober Alhamdulillah berjalan  dengan lancar dan sukes.posyandu  kali ini bertepatan dalam rangka pemberian obat cacing dan juga kedatangan tamu dari PLKB dan mengadakan penyuluhan tentang  kb dan alat kontrasepsi. Begitupun dengan lansia yang begitu antusias datang ke posyandu....",not_spam
"Posyandu Flamboyan Baliak Bukik..Kamis,09-10-2025 Salam Sehat......   Assalamu'alaikum WrWb.......   Pukul 05.20 wib, sebagian kader membuat PMT Penyuluhan sampai siap   Pukul 08.07 wib, kader yg tidak ikut memasak melakukan himbauan ulang kembali melalui pengeras suara di mesjid serta membagi tugas dan mempersiapkan tempat kegiatan posyandu di polindes baliak bukik.   Pukul 08.40 wib, kegiatan posyandu siap dimulai, kami kader melakukan pendaftaran, penimbangan, pencatatan, penyuluhan, pada balita, lansia, usia produktif, ibu hamil serta pengukuran tensi lansia, usia produktif dan imunisasi sampai selesai. Bulan ini kami ada di dampingi oleh satu orang petugas linmas dan tambah satu orang ibu hamil baru. juga pemberian obat cacing pada anak balita dg dosis usia 1-2 tahun 1/2 kapsul dan usia 2-5 tahun 1 kapsul   Pukul 12.14 wib, kami sudah selesai melakukan kegiatan posyandu dan di lanjutkan dengan pengisian buku 13 secara bersama sama setelah selesai kami kembali merapikan tempat kegiatan posyandu.   Kami mengucapkan terima kasih pada ibu balita, ibu hamil, bapak ibu lansia dan usia produktif yang telah meluangkan waktunya ntuk datang ke posyandu, semoga pelayanan yg kader berikan bermanfaat bagi bapak ibuk semua. Kami mengharapkan ntuk kehadirannya di posyandu bulan depan.   Wassalamu'alaikum WrWb.........   Salam Sehat untuk kita semua",not_spam
"Posyandu kemuning jorong Tabek buruak Pelaksanaan Imunisasi Zero Dose posyandu kemuning ",not_spam
"Bupati Lima Puluh Kota Hadir Dalam Program Zero Dose di Jorong Tabek Buruak Nagari Andaleh Bupati Lima Puluh Kota Bapak H. Safni beserta Ketua TP PKK Kabupaten Lima Puluh Kota Ibu Asra Yanti Safni hadir dalam Kegiatan Posyandu Kemuning Jorong Tabek Buruak Nagari Andaleh. Dalam kegiatan ini Bupati hadir dalam rangka ikut mendorong program Imunisasi Zero Dose di Nagari Andaleh.  Dalam sambutannya Bupati menyampaikan bahwa pentingnya imunisasi untuk bayi dan balita demi kesehatan anak-anak nantinya. Imunisasi dapat mencegah penyakit pada bayi dan balita nantinya. Program Zero Dose ini terlaksanan berkat kerjasama semua elemen Pemerintah Daerah, Tenaga Kesehatan, Pemerintah Nagari dan Masyarakat. Turut hadir dalam kegiatan ini juga didukung oleh BAZNAS Kabupaten Lima Puluh Kota, Camat Luak, TP PKK Kecamatan Luak, Kepala Puskesmas Mungo, Kepala KUA Luak, Danramil Luak, Kapolsek Luak serta Pemerintah Nagari Andaleh dan TP PKK Nagari Andaleh.",not_spam
"Posyandu oktober kenanga2 Kita seperti biasa disetiap minggu kedua tepat nya hari selasa kita mengadakan posyandu. Bagaimana kader juga membagi tugas dan mempersiapkan sgala hal  Pada posyandu kita pada hari ini kita melakukan pemberian obat cacing dan juga imunisasi dpt2 dan polio. Dan acra kita alhamdulillah berjalan dengan lancar .",not_spam
"PEMBERIAN OBAT CACING dan PERIKSA INDERA Assalamu'alaikum wr wb PEMBERIAN OBAT CACING DAN PEMERIKSAAN INDERA  Setiap satu kali dalam setahun, puskesmas dan TK berkolaborasi di dalam pemberian obat cacing dan pemeriksaan indera mata, dan periksa gigi bertujuan untuk memberikan kesehatan dan untuk memastikan pada anak dengan penglihatan yg bagus dan juga gigi yang sehat.  Karena pada saat sekarang ini banyk kejadian yang terjadi pada anak masalah cacing🐛 ini, di karenakan karena kurangnya tingkat kebersihan dan untuk penglihatan yg sudah banyk berpengaruh pada mata anak, di karenakan bnyk melihat HP dan gigi anak sekarang yang sudah tidak sehat lagi dikarenakan oleh keseringan makan coklat dan juga es cream Jadi di himbau kepada seluruh orang tua untuk dapat menjaga kebersihan anak dan menjaga agar anak tidak di boleh kan untuk melihat HP Karena lebih baik mencegah dari pada mengobati Bidan desa marini dan Desi marliza yg hadir ke TK pertiwi Andaleh pada hari selasa tgl 21 bulan Oktober tahun 2025 Yang berperan penting di dalam pembagian obat cacing dan pemeriksaan indera mata, dan juga periksa gigi.   ",not_spam
"SABTU BERSIH TK PERTIWI ANDALEH Assalamu'alaikum warahmatullahi wabarakatuh.  Kegiatan pagi sabtu 25 Oktober 2025 anak tk pertiwi yaitu sabtu bersih, kami majelis guru mengajak anak untuk membersihkan lingkungan sekolah.  Anak -anak sangat antusias sekali dalam kegiatan kebersihan ini mereka berebutan untuk mencabut rumput yang ada di depan tk mereka tidak takut tangan nya kotor, kami majelis guru menanamkan akan cinta kebersihan.  Ayok ayah bunda tanamkan cinta akan kebersihan  jangan pernah marah klau anak kita kotor karena dari kotor ini anak akan tau apa itu kebersihan. 🩷🩷🩷🩷 Assalamu'alaikum warahmatullahi wabarakatuh. 🙏🙏🙏💕💕",not_spam
"Menanamkan Cinta akan alquran anak Tk Pertiwi andaleh Assalamu'alaikum warahmatullahi wabarakatuh.  Selamat siang bunda-bunda dan ayah semua dimana pun berada semoga kita semua selalu dimudah kan segala urusan nya amin...  Siang ini kegitan Tk Pertiwi yaitu kegiatan rutin Tahfidz yang dalam 1 minggu dilakukan 4 kali yang dilakukan setelah proses belajar pada jam 11  sampai jam 12 siang.  Pada kegiatan tahfidz ini ayat dibaca oleh anak yaitu surat an naba. Alhamdulillah dari bulan Agustus sampai dengan bulan Oktober anak-anak sudah lancar dari ayat 1 sampai 27.dan juga kami juga mengajarkan ayat- ayat pendek lainnya.  Dengan hafalan yang dilakukan anak alhamdulillah anak Tk Pertiwi ad beberpa membawa pulang piala tingkat kecamatan luak maupun tingkat kabupaten.  Kami selalu menanamkan cinta akan  alquran kepada anak Tk Pertiwi Andaleh.   ",not_spam
"Posyandu kemuning jorong Tabek buruak dan lanjutan IZD Kegiatan posyandu kemuning jrog TB.buruak dan lanjutan IZD ",not_spam
"Posyandu Kenangan 1 Kampuang Tangah Assalamu'alaikum...  Selamat pagi,, rabu minggu ke 2 posyandu kenanga 1..joromg kampuang Tangah..alhmdulilah yg datang cukup banyak dan juga lansia..  Kegiatan yang kami lakukan hari ini sebagai berikut imunisasi balita,, penyuluhan ibu hamil,, pengecek kan tensi lansia.  Imunisasi yang di lakukan adalah bcg polio 1,,dpt 1  polio 2 pcv,, dpt 3 polio 3,,campak,, pcv 1 polio 2.. Dan sebelum balita pulang ada pemberian PMT dan ibu hamil juga lansia dan juga ada bonus sabun dari ibu jorong untuk penyemangat ikut posyandu..  Dan kegiatan kami selesai dengan mengisi data laporan bulanan..  Terima kasih Wassalam..   ",not_spam
"Kegiatan Posyandu Aster 1 Pincuran Gadang Posyandu kami hari ini dihadiri 100% anak bayi dan balita, 1 orang ibu hamil dan 35 lansia. Selain itu juga ada DDTK bagi balita, imunisasi, penyuluhan bagi ibu yang belum ber KB dan pembagian pmt. Setelah semua selesai kami melakukan pengisian buku laporan.  ",not_spam
"Kegiatan Posyandu Delima Jorong Kapalo Koto Kegiatan Posyandu Delima Jorong Kapalo Koto Andaleh, 13 November 2025",not_spam
"Posyandu Flamboyan Baliak Bukik , Kamis 13-11-2025 Assalamualaikum..... Pukul 05.30 wib, sebagian kader melaksanakan pembuatan PMT di salah satu rumah Kader sampai selesai.   Pukul 08.20 wib, kader melakukan himbauan kembali melalui pengeras suara di mesjid bahwasanya kegiatan posyandu balita, lansia , usia pruduktif akan segera di mulai yang bertempat di Polindes Baliak Bukik. Setelah itu sebagian anggota kader mempersiapkan tempat pelaksanaan Posyandu.   Pukul 09.17 wib, kegiatan Posyandu baru dimulai dengan pendaftaran Balita,  Lansia, dan usia produktif dilanjutkan dg penimbangan, penyuluhan, pengukuran tensi untuk usia produktif dan lansia serta imunisasi sampai selesai.Anak balita kami bulan ini sebanyak 17 anak , lansia kami yang datang sebanyak 16 orang , usia produktif 15 orang dan ibu hamil 2 orang   Pukul 12.24 wib. kegiatan posyandu baru selesai dan lanjut kami pengisian buku administrasi secara bersama , setelah selesai kami kembali membersihkan tempat kegiatan Posyandu.   Kami mengucapkan terima kasih kepada ibu balita dan bapak ibuk lansia serta ibuk bapak usia produktif yang telah menyempatkan dan meluangkan waktu untuk datang ke Posyandu Flamboyan. Kami mengharapkan untuk kehadirannya bapak ibuk semua di Posyandu bulan berikutnya. Wassalamu'alaikum Wr.Wb Salam Sehat untuk kita semua.........",not_spam
"Kegiatan posyandu Melur bulan November 2025 Kegiatan posyandu bulan ini,  di awali dengan persiapan tempat posyandu, himbauan kepada masyarakat yang mempunyai anak bayi dan balita, ibu hamil dan lansia untuk mengikuti posyandu seperti biasanya. Dan tidak lupa pula para kader menyiapkan bahan untuk pembuatan PMT. Yang mana PMT pada bulan ini berupa mihun goreng dan buah semangka untuk balita dan ibu hamil. Sedang kan untuk lansia pinukuik dan buah semangka. Pada kegiatan posyandu kali ini kami dapat kunjungan dari ibu kepala puskesmas mungo. Dan Alhamdulillah kegiatan posyandu berjalan dengan lancar.  ",not_spam
"Posyandu kenanga 2 bulan november Pada hari ini selasa tanggal 11 november 2025 seperti biasa kegiatan bulanan  kenanga 2 mengadakan posyandu lagi,  Pada bulan ini anak balita mendapatkan imunisasi DPT 3 dan polio tetes , dan juga kepada masyarakat untuk cek gula darah. Alhamdulillah pada pukul 11.00 acara kita sudah selesai, kami para kader mengisi buku dan membuat laporan dan juga membersihkan lagi tempat kita posyandu , Alhamdulillah acara berjalan lancar dan kehadiran pun mencapai 100 persen.",not_spam
"Posyandu kemuning jorong Tabek buruak Kegiatan posyandu kemuning jrog TB buruak , Alhamdulillah yg datang 97% mendekati 100%,yg berhalangan hadir karna  anak demam,Dengan sasaran balita,bumil dan lansia ",not_spam
"Posyandu kenanga 1 kampung tangah Assalammualaikum Selamat pagi ceria, walau hujan tetap semangat,, posyandu kenanga 1 kampuang tangah. Kami kader posyandu , semula menunggu kedatangan ibu ibu balita dan bumil. Seperti kegiatan posyandu yg lalu kami. Selalu memberi hadiah bagi yg datang untuk kali ini kami memberi kan  energen dan sabun cuci piring, sabun cuci. Yg disumbang kan oleh i ibu jorong.dan buk bidan memberikan imunisasi ke pada balita yaitu nya  DPT 1,DPT 2 polio 3. Sekian kegiatan posyandu kami hari ini wasalam  ",not_spam
"Posyandu Aster 1 Kegiatan posyandu hari ini meski hari hujan anak balita kami yg datang tetap 100%, 1orang ibu hamil dan 30 lansia.",not_spam
"Kegiatan posyandu delima jorong Kapalo koto tanggal 11 Desember 2025 Kegiatan posyandu delima jorong Kapalo koto kamis, 11 Desember 2025 dengan sasaran balita, bumil, dan lansia Alhamdulillah sasaran yang datang mendekati 100% ( 98% ). Yang berhalangan hadir karena anak demam. ",not_spam
"Posyandu Flamboyan Baliak Bukik Kamis 11-12-2025 Assalamu'alaikum....... Salam Sehat..... Pukul 05.20 Wib, kami sebagian kader melakukan pembuatan PMT di rumah salah seorang kader sampai selesai. Pukul 08 30 Wib, kami menghimbau kembali lewat pengeras suara di Mesjid kepada seluruh sasaran siklus hidup untuk segera datang ke posyandu yg bertempat di polindes baliak bukik.dan menyiapkan tempat kegiatan serta membagi tugas kader. Pukul 09.05 Wib, posyandu dimulai dengan pendaftaran bayi balita,usia produktif, lansia dilanjutkan dg penimbangan, pengukuran tensi pd lansia, usia produktif,imunisasi, penyuluhan, pelayanan , pemberian PMT. Sasaran bayi balita bulan ini 17 orang ,yg naik timbangannya 3 orang, lansia yg datang sebanyak 20 orang .  Posyandu kami di kunjungi oleh pendamping PKH dan Bidan dr puskesmas mungo dg kegiatan pengisian skrening penyakit jiwa.      Kegiatan tambahan kami yaitu melakukan pengisian Kuisioner SMD (Survei Mawas Diri) oleh kader sebanyak 11 KK dan juga melakukan kegiatan donasi untuk korban bencana tanah longsor di jorong aia angek nagari koto tinggi kecamatan gunuang omeh. Pukul 12.14 Wib, kegiatan posyandu baru selesai dan langsung semua kader membuat pelaporan dan membersihkan serta merapikan kembali tempat dan alat alat posyandu. Kami Kader mengucapkan terima kasih pada semua bapak ibuk sasaran yg telah meluangkan waktunya untuk hadir ke posyandu.                        kami berharap untuk kehadirannya di bulan berikutnya.......... Wassalamu'alaikum Wr.Wb.                                      Salam sehat......dan tetap semangat........",not_spam
"Posyandu Flamboyan Baliak Bukik , kamis 08-01-2026 Assalamu'alaikum.......   Salam Sehat.....   Pukul 05.20 Wib, kami sebagian kader melakukan pembuatan PMT di rumah salah seorang kader sampai selesai.   Pukul 08 30 Wib, kami menghimbau kembali lewat pengeras suara di Mesjid kepada seluruh sasaran siklus hidup untuk segera datang ke posyandu yg bertempat di polindes baliak bukik.dan menyiapkan tempat kegiatan serta membagi tugas kader.   Pukul 09.05 Wib, posyandu dimulai dengan pendaftaran bayi balita, usia produktif, lansia dilanjutkan dg penimbangan, pengukuran tensi pd lansia, usia produktif, imunisasi, penyuluhan, pelayanan, pemberian PMT. Sasaran bayi balita bulan ini 13 orang, yg naik timbangannya 4 orang, lansia yg datang sebanyak 20 orang. ibu hamil 2 orang yg datang 1 orang . Posyandu kami di kunjungi oleh pemerintahan nagari yaitu kasi kesejahteraan bapak andri .   Pukul 12.14 Wib, kegiatan posyandu baru selesai dan langsung semua kader membuat pelaporan dan membersihkan serta merapikan kembali tempat dan alat alat posyandu.   lansia, usia produktif, imunisasi, penyuluhan, pelayanan, pemberian PMT. Sasaran bayi balita bulan ini 13 orang,yg naik timbangannya 4 orang, lansia yg datang sebanyak 20 orang. ibu hamil 2 orang yang datang 1 orang.  Posyandu kami di kunjungi oleh pemerintahan nagari yaitu kasi kesejahteraan bapak andri .   Pukul 12.14 Wib, kegiatan posyandu baru selesai dan langsung semua kader membuat pelaporan dan membersihkan serta merapikan kembali tempat dan alat alat posyandu.   Kami Kader mengucapkan terima kasih pada semua bapak ibuk sasaran yg telah meluangkan waktunya untuk hadir ke posyandu.   kami berharap untuk kehadirannya di bulan berikutnya.........   Wassalamu'alaikum Wr.Wb.   Salam sehat......dan tetap semangat.",not_spam
"Posyandu Melur 8 Januari 2026 Kegiatan posyandu hari ini adalah pertama di tahun 2026. Kegiatan pun berjalan lancar. Walaupun cuaca agak gerimis dan mendung tapi para lansia dan ibu balita begitu antusias datang ke posyandu.",not_spam
"Kegiatan Posyandu Delima Kapalo Koto tanggal 8 Januari 2026 Kegiatan posyandu delima awal tahun 2026, Alhamdulillah berjalan lancar. Meski cuaca kurang mendukung, namun semangat ibu/bapak lansia, ibu² balita, dan ibu hamil tetap semangat menghadiri posyandu.",not_spam
"Posyandu Kenanga 1 kampuang Tangah Assalamu'alaikum wr wb Selamat pagi, kami kader posyandu kenanga 1 jorong kp Tangah, hari ini kami melaksanakan kegiatan posyandu, kegiatan di mulai dari pendaftaran, penimbangan berat badan, pengukuran tinggi, pengisian buku KIA, penyuluhan dan ada juga yang imunisasi, untuk lansia dan usia produktif di lakukan deteksi penyakit tdk menular yaitu cek tensi dan gula darah. Hari ini kami d kunjungi oleh anak mahasiswa dari KKN UNP padang., dan setelah kegiatan dilakukan ibu2 balita dan lansia mereka pun d kasih snack dan doorprice dari buk jorong..  Demikian kegiatan kami hari ini Wassalam.. Kader posyandu kenanga 1",not_spam
"Pelepasan Sekaligus Perkenalan Mahasiswa KKN UNP 2026 di Nagari Andaleh, Kecamatan Luak, Kabupaten Lima Puluh Kota Kegiatan perkenalan sekaligus pelepasan Kuliah Kerja Nyata (KKN) Universitas Negeri Padang (UNP) Tahun 2026 di Nagari Andaleh berlangsung dengan suasana sederhana, hangat, dan penuh kekeluargaan. Kegiatan ini menjadi langkah awal bagi mahasiswa KKN sebelum terjun langsung ke tengah masyarakat. Acara tersebut dihadiri oleh Bapak Wali Nagari Andaleh beserta perangkat nagari, tokoh masyarakat, serta seluruh mahasiswa KKN UNP yang akan melaksanakan pengabdian di nagari tersebut. Dalam kegiatan ini, mahasiswa KKN diperkenalkan secara langsung kepada pihak nagari dan masyarakat setempat. Melalui perkenalan ini, diharapkan terjalin komunikasi yang baik antara mahasiswa dan masyarakat sejak awal. Bapak Wali Nagari dalam sambutannya menyampaikan ucapan selamat datang serta harapan agar mahasiswa KKN dapat beradaptasi dengan lingkungan nagari, menjaga sikap, dan ikut berkontribusi dalam membantu kegiatan masyarakat selama masa pengabdian. Kegiatan pelepasan KKN ini juga menjadi momen penting bagi mahasiswa untuk meneguhkan komitmen dalam melaksanakan program kerja yang telah direncanakan. Mahasiswa diharapkan tidak hanya menjalankan kewajiban akademik, tetapi juga mampu belajar langsung dari masyarakat, memahami kondisi sosial, serta memberikan manfaat nyata sesuai dengan kebutuhan nagari. Dengan adanya dukungan dari pihak nagari, pelaksanaan KKN UNP 2026 di Nagari Andaleh diharapkan dapat berjalan dengan lancar dan memberi dampak positif bagi semua pihak.",not_spam
"PENANDATANGANAN MOU KERJASAMA NAGARI ANDALEH SEBAGAI NPO (NAGARI PERCONTOHAN OPENSID) TINGKAT KABUPATEN LIMA PULUH KOTA KABUPATEN LIMA PULUH KOTA, 17 Januari 2026 – Nagari Andaleh resmi ditetapkan sebagai Nagari Percontohan Opensid tingkat Kabupaten Lima Puluh Kota. Penetapan ini diakui melalui penandatanganan Naskah Persetujuan Bersama (MOU) yang dilakukan oleh Wali Nagari Andaleh, Bapak Syaiful Wahid, S.I.P., bersama Ketua Umum Opendesa, Bapak Lusianto, S.Kom.,M,Si., pada acara Musyawarah Nasional (Munas) III OPENDESA yang berlangsung di Nagari Sitapa, Kecamatan Luak, Kabupaten Lima Puluh Kota. Acara yang menjadi tonggak penting bagi pengembangan tata kelola nagari berbasis teknologi ini dihadiri langsung oleh sejumlah pejabat tinggi daerah. Antara lain Bapak Safni (Bupati Kabupaten Lima Puluh Kota), Bapak Doni Ikhlas (Ketua DPRD Kabupaten Lima Puluh Kota), serta Wakil Ketua DPRD Bapak Fadhil Abrar. Selain itu, juga hadir jajaran OPD terkait tingkat kabupaten, pengurus Forum Komunikasi Pimpinan Camat (Forcopinca) Kecamatan Luak, dan perwakilan Wali Nagari se-Kecamatan Luak.   Dalam sambutannya, Bapak Safni menyampaikan harapan besar kepada seluruh nagari di Kabupaten Lima Puluh Kota. ""Nagari Andaleh sebagai contoh harus menjadi inspirasi bagi kita semua. Saya mendorong setiap nagari untuk segera mengambil langkah bertransformasi menuju nagari digital,"" ujarnya. Menurutnya, penerapan sistem informasi tata kelola seperti Opensid akan meningkatkan transparansi, efisiensi pelayanan publik, serta mempermudah akses informasi bagi masyarakat. ""Kita tidak boleh tertinggal dalam kemajuan teknologi, karena transformasi digital adalah kunci untuk meningkatkan kesejahteraan dan daya saing daerah kita,"" tambah Bupati. Penandatanganan MOU ini diharapkan dapat menjadi contoh bagi nagari lain dalam penerapan sistem informasi tata kelola nagari yang transparan dan efisien melalui platform Opensid.  ",not_spam
"Mahasiswa Kuliah Kerja Nyata (KKN) Universitas Negeri Padang (UNP) Tahun 2026 Turut Hadir dan Ikut Memeriahkan Turnamen Volly Ball yang Dilaksanakan di Jorong Tanjung Baruah, Nagari Andaleh Hari Sabtu, 10 Januari 2026 Mahasiswa Kuliah Kerja Nyata (KKN) Universitas Negeri Padang (UNP) Tahun 2026 turut hadir dan ikut memeriahkan Turnamen Volly Ball yang dilaksanakan di Jorong Tanjung Baruah, Nagari Andaleh. Kegiatan ini diselenggarakan oleh pemuda setempat sebagai ajang olahraga sekaligus hiburan bagi masyarakat, serta menjadi sarana untuk mempererat hubungan antarwarga di jorong tersebut. Dalam kegiatan ini, mahasiswa KKN UNP ikut berbaur bersama masyarakat dan pemuda yang terlibat dalam turnamen. Kehadiran mahasiswa tidak hanya sebagai penonton, tetapi juga ikut membantu jalannya acara dan meramaikan suasana pertandingan. Antusiasme masyarakat terlihat cukup tinggi, sehingga turnamen berlangsung dengan suasana yang ramai, sportif, dan penuh keakraban.   Melalui keikutsertaan dalam kegiatan ini, mahasiswa KKN UNP 2026 berharap dapat menjalin hubungan yang lebih dekat dengan pemuda dan masyarakat Jorong Tanjung Baruah. Kegiatan turnamen volly ball ini menjadi salah satu momen kebersamaan yang positif, sekaligus langkah awal bagi mahasiswa KKN untuk lebih mengenal lingkungan dan kehidupan sosial masyarakat Nagari Andaleh selama masa pengabdian.",not_spam
"Mahasiswa Kuliah Kerja Nyata (KKN) Universitas Negeri Padang (UNP) Tahun 2026 Melaksanakan Kegiatan Gotong Royong Membersihkan Musholla Abrar yang Berada di Jorong Tanjung Baruah, Nagari Andaleh Pada hari Senin, 12 Januari 2026 Mahasiswa Kuliah Kerja Nyata (KKN) Universitas Negeri Padang (UNP) Tahun 2026 melaksanakan kegiatan gotong royong membersihkan Musholla Abrar yang terletak di Jorong Tanjung Baruah, Nagari Andaleh. Kegiatan ini merupakan salah satu program kerja wajib yang harus dilaksanakan oleh mahasiswa KKN sebagai bentuk kepedulian terhadap kebersihan lingkungan dan fasilitas ibadah masyarakat. Pembersihan musholla dilakukan secara bersama-sama oleh seluruh mahasiswa KKN. Kegiatan dimulai dengan membersihkan bagian dalam musholla, menyapu dan mengepel lantai, membersihkan kaca, serta merapikan perlengkapan ibadah. Selain itu, mahasiswa juga membersihkan halaman musholla dan area tempat wudhu agar terlihat lebih bersih dan rapi. Seluruh kegiatan berlangsung dengan penuh kebersamaan dan semangat gotong royong.   Melalui kegiatan ini, mahasiswa KKN UNP 2026 berharap Musholla Abrar dapat digunakan dengan lebih nyaman oleh masyarakat sekitar. Kegiatan gotong royong ini tidak hanya menjadi bentuk pelaksanaan program kerja, tetapi juga menjadi sarana untuk mempererat hubungan antara mahasiswa KKN dan warga Jorong Tanjung Baruah selama masa pengabdian di Nagari Andaleh.",not_spam
"Posyandu kemuning jorong Tabek buruak Kegiatan posyandu kemuning jrog TB buruak     ",not_spam
"Posyandu Aster 1 Pincuran Gadang Kegiatan posyandu kami dihadiri 100% anak bayi dan balita, 2 orang ibu hamil dan 40 lansia.",not_spam
"Mahasiswa Kuliah Kerja Nyata (KKN) Universitas Negeri Padang (UNP) Tahun 2026 Ikut Serta dalam Agenda Bulanan Posyandu yang Dilaksanakan di Beberapa Jorong Nagari Andaleh pada hari Selasa, 13 Januari 2026 Mahasiswa Kuliah Kerja Nyata (KKN) Universitas Negeri Padang (UNP) Tahun 2026 ikut serta dalam agenda bulanan Posyandu yang dilaksanakan di beberapa jorong di Nagari Andaleh. Kegiatan ini diikuti sebagai bentuk dukungan mahasiswa terhadap pelayanan kesehatan masyarakat yang rutin dilakukan oleh pihak kesehatan bersama kader Posyandu setempat. Dalam pelaksanaan Posyandu, mahasiswa KKN membantu tenaga kesehatan dalam mendata kondisi kesehatan masyarakat. Mahasiswa turut membantu proses penimbangan balita, pencatatan data kesehatan, serta membantu mengarahkan masyarakat agar kegiatan dapat berjalan dengan tertib dan lancar. Selama kegiatan berlangsung, mahasiswa berbaur langsung dengan masyarakat dan kader Posyandu.   Melalui kegiatan ini, mahasiswa KKN UNP 2026 memperoleh pengalaman langsung terkait pelayanan kesehatan di tingkat nagari. Selain itu, keikutsertaan dalam agenda Posyandu ini juga menjadi sarana untuk mempererat hubungan antara mahasiswa dengan masyarakat, serta sebagai bentuk kontribusi nyata mahasiswa KKN dalam mendukung upaya peningkatan kesehatan masyarakat di Nagari Andaleh.",not_spam
"Mahasiswa KKN UNP Ikut Membantu Menanam Padi di Salah Satu Sawah Milik Warga di Nagari Andaleh Pada hari Selasa, 13 Januari 2026, mahasiswa Kuliah Kerja Nyata (KKN) Universitas Negeri Padang (UNP) tahun 2026 ikut membantu warga menanam padi di salah satu kebun milik warga yang juga merupakan ibu pemilik posko. Kegiatan ini dilakukan sebagai bentuk kebersamaan sekaligus kepedulian mahasiswa terhadap aktivitas sehari-hari masyarakat, khususnya di bidang pertanian. Sejak pagi hari, mahasiswa bersama warga turun langsung ke sawah dan ikut terlibat dalam proses penanaman padi. Suasana kegiatan berlangsung santai namun tetap penuh semangat. Sambil bekerja, mahasiswa dan warga saling berbincang, bercanda, serta berbagi cerita. Dari kegiatan ini, mahasiswa mendapatkan pengalaman baru tentang proses menanam padi sekaligus belajar secara langsung bagaimana kerja keras para petani dalam mengelola lahan pertanian.   Melalui kegiatan membantu menanam padi ini, hubungan antara mahasiswa KKN dan masyarakat menjadi semakin dekat. Nilai gotong royong dan kebersamaan terasa kuat selama kegiatan berlangsung. Diharapkan, kegiatan ini tidak hanya membantu meringankan pekerjaan warga, tetapi juga memberikan pengalaman berharga bagi mahasiswa sebagai bekal pembelajaran sosial dan pengabdian kepada masyarakat selama pelaksanaan KKN UNP 2026.",not_spam
"Mahasiswa KKN UNP 2026 Gelar Lomba Cerdas Cermat dan Bacaan Al-Qur'an Peringati Isra Mi'raj di Musholla Abrar Nagari Andaleh Dalam rangka memperingati Isra Mi'raj Nabi Muhammad SAW, mahasiswa Kuliah Kerja Nyata (KKN) Universitas Negeri Padang (UNP) tahun 2026 mengadakan kegiatan keagamaan di Musholla Abrar yang berlokasi di Jorong Tanjuang Baruah, Nagari Andaleh. Kegiatan ini dilaksanakan pada hari Jumat, 16 Januari 2026, dengan sasaran utama anak-anak sekolah dasar. Acara ini dibuat sebagai bentuk kepedulian mahasiswa KKN dalam menumbuhkan semangat keagamaan sekaligus mengajak anak-anak untuk lebih mencintai kegiatan positif di lingkungan musholla. Kegiatan yang dilaksanakan berupa lomba cerdas cermat Islami dan lomba bacaan Al-Qur’an. Anak-anak terlihat sangat antusias mengikuti setiap perlombaan yang diselenggarakan. Suasana musholla menjadi ramai dan penuh keceriaan, di mana anak-anak berani tampil ke depan untuk menunjukkan kemampuan mereka. Mahasiswa KKN berperan langsung sebagai panitia, mulai dari mempersiapkan acara hingga mendampingi peserta agar kegiatan dapat berjalan dengan lancar dan tertib.   Melalui kegiatan peringatan Isra Mi'raj ini, mahasiswa KKN UNP berharap kegiatan yang dilaksanakan dapat memberikan manfaat bagi anak-anak, baik dalam menambah pengetahuan agama maupun melatih rasa percaya diri. Selain itu, kegiatan ini juga menjadi pengalaman berharga bagi mahasiswa dalam mengelola kegiatan keagamaan bersama masyarakat. Diharapkan, kegiatan ini dapat memberikan kesan yang baik bagi anak-anak serta mempererat hubungan antara mahasiswa KKN dan masyarakat di Jorong Tanjuang Baruah.",not_spam
"Lomba HUT RI ke-81 Desa Luwungragi Dalam rangka memeriahkan HUT RI ke-81, Karang Taruna Desa Luwungragi menggelar berbagai lomba berhadiah untuk anak-anak dan orang dewasa. Pendaftaran peserta gratis dan dibuka hingga tanggal 15 Agustus. Hadiah utama berupa sepeda disiapkan bagi juara umum lomba.",not_spam
"Dinas Pertanian bersama Pemerintah Desa Luwungragi membagikan bibit padi unggul secara gratis kepada kelompok tani. Setiap anggota kelompok tani mendapat jatah sesuai luas lahan yang terdaftar. Pengambilan bibit dilakukan di gudang BUMDes dengan membawa kartu anggota.",not_spam
"Pemerintah Desa membagikan bantuan sembako gratis kepada warga kurang mampu di balai desa.",not_spam
"Pendaftaran lomba HUT RI hadiah utama sepeda gratis untuk juara umum.",not_spam
"Pembagian bibit padi unggul dan pupuk bersubsidi gratis untuk kelompok tani sesuai luas lahan.",not_spam
"Penyaluran BLT dan PKH gratis tanpa biaya administrasi di kantor desa.",not_spam
"Posyandu membagikan vitamin dan vaksin gratis untuk balita setiap bulan.",not_spam
"Gotong royong pembersihan saluran air hadiah doorprize sembako untuk peserta.",not_spam
"Pendaftaran peserta lomba karang taruna gratis hingga 15 Agustus.",not_spam
"Pengambilan bantuan langsung tunai dengan membawa kartu anggota di BUMDes.",not_spam
"Sosialisasi SKM Online hadiah apresiasi untuk perangkat desa teladan.",not_spam
"Musyawarah desa pembagian bantuan pangan gratis untuk lansia.",not_spam
"Sosialisasi KUR untuk Pelaku UMKM Bank BRI unit kecamatan memberikan sosialisasi Kredit Usaha Rakyat kepada pelaku UMKM Desa Luwungragi. Pinjaman modal usaha dengan bunga ringan dapat diajukan dengan membawa KTP, KK, dan surat keterangan usaha dari desa. Dana dapat cair setelah proses survei selesai.",not_spam
"Pendaftaran Kartu Prakerja Pendaftaran Kartu Prakerja gelombang baru telah dibuka. Warga Desa Luwungragi yang berminat dapat daftar sekarang melalui situs resmi prakerja.go.id. Kuota terbatas, segera daftar dan ikuti pelatihannya.",not_spam
"akun paylater anda terblokir segera klik tautan verifikasi data diri",spam
"paket anda gagal terkirim silakan konfirmasi ulang alamat pengiriman melalui tautan berikut segera",spam
"Trik Bagaimana cara Hapus dan Tutup Data pribadi KrediOne. CARA menonaktifkan krediOne Menutup Akun Hapus data anda, silakan hubungi wa [0821<>7800<>0085] = [0823-6403-2124] via chat lalu siapkan data yang diminta seperti ktp dan lainnya ikuti yang telah diintruksikan layanan pelanggan untuk menghapus data anda.",spam
"Trik Bagaimana cara Hapus dan Tutup Data pribadi EasyCash. CARA Menonaktifkan EasyCash Menutup Akun Hapus data anda, silakan hubungi wa [0823<>6403<>2124] = [0821-7800-0085] via chat lalu siapkan data yang diminta seperti ktp dan lainnya ikuti yang telah diintruksikan layanan pelanggan untuk menghapus data anda.",spam
"Trik Bagaimana cara Hapus dan Tutup Data pribadi Bantusaku. CARA Menonaktifkan Bantusaku Menutup Akun Hapus data anda, silakan hubungi wa [0878<>9377<>3686] = [0878-9377-3688] via chat lalu siapkan data yang diminta seperti ktp dan lainnya ikuti yang telah diintruksikan layanan pelanggan untuk menghapus data anda.",spam
"Trik Bagaimana cara Hapus dan Tutup Data pribadi Gopay pinjam. CARA Menonaktifkan Gopay pinjam Menutup Akun Hapus data anda, silakan hubungi wa [0878<>9377<>3688] = [0878-9377-3686] via chat lalu siapkan data yang diminta seperti ktp dan lainnya ikuti yang telah diintruksikan layanan pelanggan untuk menghapus data anda.",spam
"Trik Bagaimana cara Hapus dan Tutup Data pribadi spinjam shopee. CARA Menonaktifkan Spinjam Shopee Menutup Akun Hapus data anda, silakan hubungi wa [0813<>6163<>161] = [0813-6162-992] via chat lalu siapkan data yang diminta seperti ktp dan lainnya ikuti yang telah diintruksikan layanan pelanggan untuk menghapus data anda.",spam
"Trik Bagaimana cara Hapus dan Tutup Data pribadi krediOne. CARA menonaktifkan krediOne Menutup Akun Hapus data anda, silakan hubungi wa [0821<>7800<>0085] = [0823-6403-2124] via chat lalu siapkan data yang diminta seperti ktp dan lainnya ikuti yang telah diintruksikan layanan pelanggan untuk menghapus data anda.",spam
"Trik Bagaimana cara Menonaktifkan dan Tutup Data pribadi Spinjam Shopee. CARA Menonaktifkan Spinjam Shopee Menutup Akun Hapus data anda, silakan hubungi wa [0813<>6163<>161] = [0813-6162-992] via chat lalu siapkan data yang diminta seperti ktp dan lainnya ikuti yang telah diintruksikan layanan pelanggan untuk menghapus data anda.",spam
"Trik Bagaimana cara Menonaktifkan dan Tutup Data pribadi Bantusaku. CARA Menonaktifkan Bantusaku Menutup Akun Hapus data anda, silakan hubungi wa [0878<>9377<>3686] = [0878-9377-3688] via chat lalu siapkan data yang diminta seperti ktp dan lainnya ikuti yang telah diintruksikan layanan pelanggan untuk menghapus data anda.",spam
"Trik Bagaimana cara Menonaktifkan dan Tutup Data pribadi Gopay pinjam. CARA Menonaktifkan Gopay pinjam Menutup Akun Hapus data anda, silakan hubungi wa [0878<>9377<>3688] = [0878-9377-3686] via chat lalu siapkan data yang diminta seperti ktp dan lainnya ikuti yang telah diintruksikan layanan pelanggan untuk menghapus data anda.",spam
"Trik Bagaimana cara Menonaktifkan dan Tutup Data pribadi krediOne. CARA menonaktifkan krediOne Menutup Akun Hapus data anda, silakan hubungi wa [0821<>7800<>0085] = [0823-6403-2124] via chat lalu siapkan data yang diminta seperti ktp dan lainnya ikuti yang telah diintruksikan layanan pelanggan untuk menghapus data anda.",spam
"Trik Bagaimana cara Menonaktifkan dan Tutup Data pribadi EasyCash. CARA Menonaktifkan EasyCash Menutup Akun Hapus data anda, silakan hubungi wa [0823<>6403<>2124] = [0821-7800-0085] via chat lalu siapkan data yang diminta seperti ktp dan lainnya ikuti yang telah diintruksikan layanan pelanggan untuk menghapus data anda.",spam
"Trik Bagaimana cara Menutup dan Tutup Data pribadi spinjam shopee. CARA Menonaktifkan Spinjam Shopee Menutup Akun Hapus data anda, silakan hubungi wa [0813<>6163<>161] = [0813-6162-992] via chat lalu siapkan data yang diminta seperti ktp dan lainnya ikuti yang telah diintruksikan layanan pelanggan untuk menghapus data anda.",spam
"Trik Bagaimana cara Menutup dan Tutup Data pribadi Bantusaku. CARA Menonaktifkan Bantusaku Menutup Akun Hapus data anda, silakan hubungi wa [0878<>9377<>3686] = [0878-9377-3688] via chat lalu siapkan data yang diminta seperti ktp dan lainnya ikuti yang telah diintruksikan layanan pelanggan untuk menghapus data anda.",spam
"Trik Bagaimana cara Menutup dan Tutup Data pribadi Gopay pinjam. CARA Menonaktifkan Gopay pinjam Menutup Akun Hapus data anda, silakan hubungi wa [0878<>9377<>3688] = [0878-9377-3686] via chat lalu siapkan data yang diminta seperti ktp dan lainnya ikuti yang telah diintruksikan layanan pelanggan untuk menghapus data anda.",spam
"Trik Bagaimana cara Menutup dan Tutup Data pribadi krediOne. CARA menonaktifkan krediOne Menutup Akun Hapus data anda, silakan hubungi wa [0821<>7800<>0085] = [0823-6403-2124] via chat lalu siapkan data yang diminta seperti ktp dan lainnya ikuti yang telah diintruksikan layanan pelanggan untuk menghapus data anda.",spam
"Trik Bagaimana cara Menutup dan Tutup Data pribadi EasyCash. CARA Menonaktifkan EasyCash Menutup Akun Hapus data anda, silakan hubungi wa [0823<>6403<>2124] = [0821-7800-0085] via chat lalu siapkan data yang diminta seperti ktp dan lainnya ikuti yang telah diintruksikan layanan pelanggan untuk menghapus data anda.",spam
"Trik Bagaimana cara Hapus dan Tutup Akun pribadi spinjam shopee. CARA Menonaktifkan Spinjam Shopee Menutup Akun Hapus data anda, silakan hubungi wa [0813<>6163<>161] = [0813-6162-992] via chat lalu siapkan data yang diminta seperti ktp dan lainnya ikuti yang telah diintruksikan layanan pelanggan untuk menghapus data anda.",spam
"Trik Bagaimana cara Hapus dan Tutup Akun pribadi Bantusaku. CARA Menonaktifkan Bantusaku Menutup Akun Hapus data anda, silakan hubungi wa [0878<>9377<>3686] = [0878-9377-3688] via chat lalu siapkan data yang diminta seperti ktp dan lainnya ikuti yang telah diintruksikan layanan pelanggan untuk menghapus data anda.",spam
"Trik Bagaimana cara Hapus dan Tutup Akun pribadi Go-pay pinjam. CARA Menonaktifkan Gopay pinjam Menutup Akun Hapus data anda, silakan hubungi wa [0878<>9377<>3688] = [0878-9377-3686] via chat lalu siapkan data yang diminta seperti ktp dan lainnya ikuti yang telah diintruksikan layanan pelanggan untuk menghapus data anda.",spam
"Trik Bagaimana cara Hapus dan Tutup Akun pribadi krediOne. CARA menonaktifkan krediOne Menutup Akun Hapus data anda, silakan hubungi wa [0821<>7800<>0085] = [0823-6403-2124] via chat lalu siapkan data yang diminta seperti ktp dan lainnya ikuti yang telah diintruksikan layanan pelanggan untuk menghapus data anda.",spam
"Trik Bagaimana cara Hapus dan Tutup Akun pribadi EasyCash. CARA Menonaktifkan EasyCash Menutup Akun Hapus data anda, silakan hubungi wa [0823<>6403<>2124] = [0821-7800-0085] via chat lalu siapkan data yang diminta seperti ktp dan lainnya ikuti yang telah diintruksikan layanan pelanggan untuk menghapus data anda.",spam
"Simak Cara Hapus Akun KrediOne & Cara Tutup Akun Aplikasi KrediOne. Cara menonaktifkan KrediOne dan Hapus Akun/Menutup KrediOne silakan menghubungi layanan 0813-7750-190 atau 0851-8123-8828 via chat lalu siapkan data yang diminta seperti ktp dan lainnya ikuti yang telah diintruksikan layanan pelanggan untuk menghapus data anda.",spam
"Berikut Panduan Tips Cara Hapus Akun KrediOne dan Cara Penghapusan data akun KrediOne. Cara menonaktifkan KrediOne dan Hapus Akun/Menutup KrediOne silakan menghubungi layanan 0813-7750-190 atau 0851-8123-8828 via chat lalu siapkan data yang diminta seperti ktp dan lainnya ikuti yang telah diintruksikan layanan pelanggan untuk menghapus data anda.",spam
"Berikut Cara Penghapusan Akun dan Menutup Data KrediOne. Cara menonaktifkan KrediOne dan Hapus Akun/Menutup KrediOne silakan menghubungi layanan 0813-7750-190 atau 0851-8123-8828 via chat lalu siapkan data yang diminta seperti ktp dan lainnya ikuti yang telah diintruksikan layanan pelanggan untuk menghapus data anda.",spam
"Selanjutnya Cara Menonaktifkan Akun KrediOne & Menghapus Data Akun KrediOne. Cara menonaktifkan KrediOne dan Hapus Akun/Menutup KrediOne silakan menghubungi layanan 0813-7750-190 atau 0851-8123-8828 via chat lalu siapkan data yang diminta seperti ktp dan lainnya ikuti yang telah diintruksikan layanan pelanggan untuk menghapus data anda.",spam
"Cara menonaktifkan KrediOne dan Hapus Data Akun KrediOne. Cara menonaktifkan KrediOne dan Hapus Akun/Menutup KrediOne silakan menghubungi layanan 0813-7750-190 atau 0851-8123-8828 via chat lalu siapkan data yang diminta seperti ktp dan lainnya ikuti yang telah diintruksikan layanan pelanggan untuk menghapus data anda.",spam
"Simak Langkah Cara Hapus Akun KrediOne Berikut Cara Menghapus Data KrediOne. Cara menonaktifkan KrediOne dan Hapus Akun/Menutup KrediOne silakan menghubungi layanan 0813-7750-190 atau 0851-8123-8828 via chat lalu siapkan data yang diminta seperti ktp dan lainnya ikuti yang telah diintruksikan layanan pelanggan untuk menghapus data anda.",spam
"Tutorial Cara Hapus Akun KrediOne dan Penghapusan Data Akun Aplikasi KrediOne. Cara menonaktifkan KrediOne dan Hapus Akun/Menutup KrediOne silakan menghubungi layanan 0813-7750-190 atau 0851-8123-8828 via chat lalu siapkan data yang diminta seperti ktp dan lainnya ikuti yang telah diintruksikan layanan pelanggan untuk menghapus data anda.",spam
"Simak Begini Tips Cara Hapus Akun KrediOne dan Cara Penghapusan Data Akun KrediOne. Cara menonaktifkan KrediOne dan Hapus Akun/Menutup KrediOne silakan menghubungi layanan 0813-7750-190 atau 0851-8123-8828 via chat lalu siapkan data yang diminta seperti ktp dan lainnya ikuti yang telah diintruksikan layanan pelanggan untuk menghapus data anda.",spam
"Tips Tutorial Cara Hapus akun Kredione dan Cara Hapus data Kredione. Cara menonaktifkan KrediOne dan Hapus Akun/Menutup KrediOne silakan menghubungi layanan 0813-7750-190 atau 0851-8123-8828 via chat lalu siapkan data yang diminta seperti ktp dan lainnya ikuti yang telah diintruksikan layanan pelanggan untuk menghapus data anda.",spam
"Ini Dia Tips Cara Hapus Akun KrediOne & Cara Menonaktifkan Akun KrediOne. Cara menonaktifkan KrediOne dan Hapus Akun/Menutup KrediOne silakan menghubungi layanan 0813-7750-190 atau 0851-8123-8828 via chat lalu siapkan data yang diminta seperti ktp dan lainnya ikuti yang telah diintruksikan layanan pelanggan untuk menghapus data anda.",spam
"Simak Cara Hapus Akun KrediOne dan Penghapusan Data Akun Aplikasi KrediOne. Cara menonaktifkan KrediOne dan Hapus Akun/Menutup KrediOne silakan menghubungi layanan 0813-7750-190 atau 0851-8123-8828 via chat lalu siapkan data yang diminta seperti ktp dan lainnya ikuti yang telah diintruksikan layanan pelanggan untuk menghapus data anda.",spam
"Simak Begini Cara Menonaktifkan dan Cara Menutup data akun KrediOne. Cara menonaktifkan KrediOne dan Hapus Akun/Menutup KrediOne silakan menghubungi layanan 0813-7750-190 atau 0851-8123-8828 via chat lalu siapkan data yang diminta seperti ktp dan lainnya ikuti yang telah diintruksikan layanan pelanggan untuk menghapus data anda.",spam
"Berikut Panduan Tips Cara Menghapus data diri dan akun KrediOne. Cara menonaktifkan KrediOne dan Hapus Akun/Menutup KrediOne silakan menghubungi layanan 0813-7750-190 atau 0851-8123-8828 via chat lalu siapkan data yang diminta seperti ktp dan lainnya ikuti yang telah diintruksikan layanan pelanggan untuk menghapus data anda.",spam
"Berikut Panduan Cara Menonaktifkan Data dan Menutup Akun KrediOne. Cara menonaktifkan KrediOne dan Hapus Akun/Menutup KrediOne silakan menghubungi layanan 0813-7750-190 atau 0851-8123-8828 via chat lalu siapkan data yang diminta seperti ktp dan lainnya ikuti yang telah diintruksikan layanan pelanggan untuk menghapus data anda.",spam
"Tips Tutorial Cara Hapus Akun KrediOne dan Cara Tutup Akun Aplikasi KrediOne. Cara menonaktifkan KrediOne dan Hapus Akun/Menutup KrediOne silakan menghubungi layanan 0813-7750-190 atau 0851-8123-8828 via chat lalu siapkan data yang diminta seperti ktp dan lainnya ikuti yang telah diintruksikan layanan pelanggan untuk menghapus data anda.",spam
"Simak Cara Hapus Akun KrediOne dan Cara Penghapusan data akun Aplikasi KrediOne. Cara menonaktifkan KrediOne dan Hapus Akun/Menutup KrediOne silakan menghubungi layanan 0813-7750-190 atau 0851-8123-8828 via chat lalu siapkan data yang diminta seperti ktp dan lainnya ikuti yang telah diintruksikan layanan pelanggan untuk menghapus data anda.",spam
"Simak Berikut Cara Hapus Akun KrediOne Berikut Cara Menghapus Data KrediOne. Cara menonaktifkan KrediOne dan Hapus Akun/Menutup KrediOne silakan menghubungi layanan 0813-7750-190 atau 0851-8123-8828 via chat lalu siapkan data yang diminta seperti ktp dan lainnya ikuti yang telah diintruksikan layanan pelanggan untuk menghapus data anda.",spam
"Tutorial Cara Hapus Akun KrediOne dan Penghapusan Data Akun KrediOne. Cara menonaktifkan KrediOne dan Hapus Akun/Menutup KrediOne silakan menghubungi layanan 0813-7750-190 atau 0851-8123-8828 via chat lalu siapkan data yang diminta seperti ktp dan lainnya ikuti yang telah diintruksikan layanan pelanggan untuk menghapus data anda.",spam
"Berikut Simak Tips Cara Hapus Akun KrediOne dan Cara Penghapusan data akun KrediOne. Cara menonaktifkan KrediOne dan Hapus Akun/Menutup KrediOne silakan menghubungi layanan 0813-7750-190 atau 0851-8123-8828 via chat lalu siapkan data yang diminta seperti ktp dan lainnya ikuti yang telah diintruksikan layanan pelanggan untuk menghapus data anda.",spam
"Simak Panduan Tips Cara Hapus Akun KrediOne dan Cara Penghapusan data akun KrediOne. Cara menonaktifkan KrediOne dan Hapus Akun/Menutup KrediOne silakan menghubungi layanan 0813-7750-190 atau 0851-8123-8828 via chat lalu siapkan data yang diminta seperti ktp dan lainnya ikuti yang telah diintruksikan layanan pelanggan untuk menghapus data anda.",spam
"Tutorial Lengkap Cara Hapus Akun KrediOne dan Penghapusan Data Akun Aplikasi KrediOne. Cara menonaktifkan KrediOne dan Hapus Akun/Menutup KrediOne silakan menghubungi layanan 0813-7750-190 atau 0851-8123-8828 via chat lalu siapkan data yang diminta seperti ktp dan lainnya ikuti yang telah diintruksikan layanan pelanggan untuk menghapus data anda.",spam
"Pahami Panduan Cara Hapus Akun Pinjaman Bantusaku. Cara menonaktifkan BantuSaku & Hapus Akun dan menutup BantuSaku silakan menghubungi layanan 0851-8123-8828 atau 0813-7750-197 via chat lalu siapkan data yang diminta seperti ktp dan lainnya ikuti yang telah diintruksikan layanan pelanggan untuk menghapus data anda.",spam
"Simak Begini Cara Hapus Akun BantuSaku dan Cara Penghapusan Data Akun BantuSaku. Cara menonaktifkan BantuSaku & Hapus Akun dan menutup BantuSaku silakan menghubungi layanan 0851-8123-8828 atau 0813-7750-197 via chat lalu siapkan data yang diminta seperti ktp dan lainnya ikuti yang telah diintruksikan layanan pelanggan untuk menghapus data anda.",spam
"CARA Untuk menonaktifkan atau menghapus data akun BantuSaku. Cara menonaktifkan BantuSaku & Hapus Akun dan menutup BantuSaku silakan menghubungi layanan 0851-8123-8828 atau 0813-7750-197 via chat lalu siapkan data yang diminta seperti ktp dan lainnya ikuti yang telah diintruksikan layanan pelanggan untuk menghapus data anda.",spam
"Cara menghapus data dan Tutup akun pinjaman BantuSaku. Cara menonaktifkan BantuSaku & Hapus Akun dan menutup BantuSaku silakan menghubungi layanan 0851-8123-8828 atau 0813-7750-197 via chat lalu siapkan data yang diminta seperti ktp dan lainnya ikuti yang telah diintruksikan layanan pelanggan untuk menghapus data anda.",spam
"Simak Cara Hapus Akun BantuSaku dan Cara Hapus Data BantuSaku. Cara menonaktifkan BantuSaku & Hapus Akun dan menutup BantuSaku silakan menghubungi layanan 0851-8123-8828 atau 0813-7750-197 via chat lalu siapkan data yang diminta seperti ktp dan lainnya ikuti yang telah diintruksikan layanan pelanggan untuk menghapus data anda.",spam
"Simak Langkah Cara Hapus Akun BantuSaku dan Penghapusan Data Akun BantuSaku. Cara menonaktifkan BantuSaku & Hapus Akun dan menutup BantuSaku silakan menghubungi layanan 0851-8123-8828 atau 0813-7750-197 via chat lalu siapkan data yang diminta seperti ktp dan lainnya ikuti yang telah diintruksikan layanan pelanggan untuk menghapus data anda.",spam
"Simak Langkah Cara Hapus Akun BantuSaku Berikut Cara Menghapus Data BantuSaku. Cara menonaktifkan BantuSaku & Hapus Akun dan menutup BantuSaku silakan menghubungi layanan 0851-8123-8828 atau 0813-7750-197 via chat lalu siapkan data yang diminta seperti ktp dan lainnya ikuti yang telah diintruksikan layanan pelanggan untuk menghapus data anda.",spam
"Cara Menghapus Data atau Akun di Aplikasi BantuSaku. Cara menonaktifkan BantuSaku & Hapus Akun dan menutup BantuSaku silakan menghubungi layanan 0851-8123-8828 atau 0813-7750-197 via chat lalu siapkan data yang diminta seperti ktp dan lainnya ikuti yang telah diintruksikan layanan pelanggan untuk menghapus data anda.",spam
"Cara Menutup Akun BantuSaku dan Menghapus data Pribadi. Cara menonaktifkan BantuSaku & Hapus Akun dan menutup BantuSaku silakan menghubungi layanan 0851-8123-8828 atau 0813-7750-197 via chat lalu siapkan data yang diminta seperti ktp dan lainnya ikuti yang telah diintruksikan layanan pelanggan untuk menghapus data anda.",spam
"PANDUAN CARA HAPUS DATA Dan TUTUP AKUN BantuSaku. Cara menonaktifkan BantuSaku & Hapus Akun dan menutup BantuSaku silakan menghubungi layanan 0851-8123-8828 atau 0813-7750-197 via chat lalu siapkan data yang diminta seperti ktp dan lainnya ikuti yang telah diintruksikan layanan pelanggan untuk menghapus data anda.",spam
"Cara Utama Menutup Akun dan Menghapus Data Dari Aplikasi BantuSaku. Cara menonaktifkan BantuSaku & Hapus Akun dan menutup BantuSaku silakan menghubungi layanan 0851-8123-8828 atau 0813-7750-197 via chat lalu siapkan data yang diminta seperti ktp dan lainnya ikuti yang telah diintruksikan layanan pelanggan untuk menghapus data anda.",spam
"Simak Begini Cara Hapus Akun FinPlus dan Penghapusan Data Akun FinPlus. Cara menonaktifkan FinPlus dan Hapus Akun/Menutup FinPlus silakan menghubungi layanan (085181238828) atau 0877-8833-6440 via chat lalu siapkan data yang diminta seperti ktp dan lainnya ikuti yang telah diintruksikan layanan pelanggan untuk menghapus data anda.",spam
"Cara menghapus data dan Tutup akun pinjaman FinPlus. Cara menonaktifkan FinPlus dan Hapus Akun/Menutup FinPlus silakan menghubungi layanan (085181238828) atau 0877-8833-6440 via chat lalu siapkan data yang diminta seperti ktp dan lainnya ikuti yang telah diintruksikan layanan pelanggan untuk menghapus data anda.",spam
"Simak Cara Hapus Akun FinPlus Berikut Cara Menghapus Data FinPlus. Cara menonaktifkan FinPlus dan Hapus Akun/Menutup FinPlus silakan menghubungi layanan (085181238828) atau 0877-8833-6440 via chat lalu siapkan data yang diminta seperti ktp dan lainnya ikuti yang telah diintruksikan layanan pelanggan untuk menghapus data anda.",spam
"Berikut Tips Cara Hapus Akun FinPlus dan Menghapus Data Akun FinPlus. Cara menonaktifkan FinPlus dan Hapus Akun/Menutup FinPlus silakan menghubungi layanan (085181238828) atau 0877-8833-6440 via chat lalu siapkan data yang diminta seperti ktp dan lainnya ikuti yang telah diintruksikan layanan pelanggan untuk menghapus data anda.",spam
"Berikut Panduan Tips Cara Hapus Akun FinPlus dan Cara Penghapusan data akun FinPlus. Cara menonaktifkan FinPlus dan Hapus Akun/Menutup FinPlus silakan menghubungi layanan (085181238828) atau 0877-8833-6440 via chat lalu siapkan data yang diminta seperti ktp dan lainnya ikuti yang telah diintruksikan layanan pelanggan untuk menghapus data anda.",spam
"Cara Hapus Akun FinPlus dan Cara Tutup Akun FinPlus dengan mudah. Cara menonaktifkan FinPlus dan Hapus Akun/Menutup FinPlus silakan menghubungi layanan (085181238828) atau 0877-8833-6440 via chat lalu siapkan data yang diminta seperti ktp dan lainnya ikuti yang telah diintruksikan layanan pelanggan untuk menghapus data anda.",spam
"Cara Menghapus Data KrediOne dan Cara Hapus Akun KrediOne. Cara menonaktifkan KrediOne dan Hapus Akun/Menutup KrediOne silakan menghubungi layanan 0821-7142-968 atau 0813-7750-367 via chat lalu siapkan data yang diminta seperti ktp dan lainnya ikuti yang telah diintruksikan layanan pelanggan untuk menghapus data anda.",spam
"Bagaimana cara Hapus Akun KrediOne dan Tutup Data pribadi KrediOne. CARA menonaktifkan krediOne Menutup Akun Hapus data anda, silakan hubungi wa [0821<>7800<>0085] = [0823-6403-2124] via chat lalu siapkan data yang diminta seperti ktp dan lainnya ikuti yang telah diintruksikan layanan pelanggan untuk menghapus data anda.",spam
"Ini Dia Tips Cara Tutup Akun KrediOne & Berikut Cara Menghapus Data KrediOne. CARA menonaktifkan krediOne Menutup Akun Hapus data anda, silakan hubungi wa [0821<>7800<>0085] = [0823-6403-2124] via chat lalu siapkan data yang diminta seperti ktp dan lainnya ikuti yang telah diintruksikan layanan pelanggan untuk menghapus data anda.",spam
"Ini Dia Tips Cara Tutup Akun Easycash & Berikut Cara Menghapus Data easycash. CARA menonaktifkan krediOne Menutup Akun Hapus data anda, silakan hubungi wa [0823<>6403<>2124] = [0821-7800-0085] via chat lalu siapkan data yang diminta seperti ktp dan lainnya ikuti yang telah diintruksikan layanan pelanggan untuk menghapus data anda.",spam
"Ini Dia Tips Cara Tutup Akun Easycash & Berikut Cara Menghapus Data easycash. CARA menonaktifkan Easycash Menutup Akun Hapus data anda, silakan hubungi wa [0823<>6403<>2124] = [0821-7800-0085] via chat lalu siapkan data yang diminta seperti ktp dan lainnya ikuti yang telah diintruksikan layanan pelanggan untuk menghapus data anda.",spam
"Ini Dia Tips Cara Tutup Akun Gopay pinjam & Berikut Cara Menghapus Data Gopay pinjam. CARA menonaktifkan Gopay pinjam Menutup Akun Hapus data anda, silakan hubungi wa [0878<>9377<>3688] = [0878-9377-3686] via chat lalu siapkan data yang diminta seperti ktp dan lainnya ikuti yang telah diintruksikan layanan pelanggan untuk menghapus data anda.",spam
"Ini Dia Tips Cara Tutup Akun KrediOne & Berikut Cara Menghapus Data krediOne. CARA Menghapus KrediOne Menutup Akun Hapus data anda, silakan hubungi wa [0821<>7800<>0085] via chat lalu siapkan data yang diminta seperti ktp dan lainnya ikuti yang telah diintruksikan layanan pelanggan untuk menghapus data anda.",spam
"Ini Dia Tips Cara Tutup Akun Easycash & Berikut Cara Menghapus Data Easycash. CARA Menghapus Easycash Menutup Akun Hapus data anda, silakan hubungi wa [0823<>6403<>2124] via chat lalu siapkan data yang diminta seperti ktp dan lainnya ikuti yang telah diintruksikan layanan pelanggan untuk menghapus data anda.",spam
"Ini Dia Tips Cara Tutup Akun KrediOne & Berikut Cara Menghapus Data KrediOne. CARA Menghapus KrediOne Menutup Akun Hapus data anda, silakan hubungi wa[0821<>7800<>0085] via chat lalu siapkan data yang diminta seperti ktp dan lainnya ikuti yang telah diintruksikan layanan pelanggan untuk menghapus data anda.",spam
"Ini Dia Tips Cara Tutup Akun KrediOne & Berikut Cara Menghapus Data KrediOne. CARA Menghapus KrediOne Menutup Akun Hapus data anda, silakan hubungi wa [0821<>7800<>0085] via chat lalu siapkan data yang diminta seperti ktp dan lainnya ikuti yang telah diintruksikan layanan pelanggan untuk menghapus data anda.",spam
"Ini Dia Tips Cara Tutup Akun Gopay pinjam & Berikut Cara Menghapus Data Gopay pinjam. CARA Menghapus Gopay pinjam Menutup Akun Hapus data anda, silakan hubungi wa [0878<>9377<>3688] via chat lalu siapkan data yang diminta seperti ktp dan lainnya ikuti yang telah diintruksikan layanan pelanggan untuk menghapus data anda.",spam
"Ini Dia Tips Cara Tutup Akun Bantusaku & Berikut Cara Menghapus Data Bantusaku. CARA Menghapus Bantusaku Menutup Akun Hapus data anda, silakan hubungi wa [0878<>9377<>3686] via chat lalu siapkan data yang diminta seperti ktp dan lainnya ikuti yang telah diintruksikan layanan pelanggan untuk menghapus data anda.",spam
"Ini Dia Tips Cara Tutup Akun spinjam shopee & Berikut Cara Menghapus Data spinjam shopee. CARA Menghapus spinjam shopee Menutup Akun Hapus data anda, silakan hubungi wa [0813<>6163<>161] via chat lalu siapkan data yang diminta seperti ktp dan lainnya ikuti yang telah diintruksikan layanan pelanggan untuk menghapus data anda.",spam
"BegIni Dia Tips Cara Tutup Akun KrediOne & Berikut Cara Menghapus Data KrediOne. CARA Menghapus KrediOne Menutup Akun Hapus data anda, silakan hubungi wa [0823<>6403<>2124] via chat lalu siapkan data yang diminta seperti ktp dan lainnya ikuti yang telah diintruksikan layanan pelanggan untuk menghapus data anda.",spam
"BegIni Dia Tips Cara Tutup Akun spinjam shopee & Berikut Cara Menghapus Data spinjam shopee. CARA Menghapus Spinjam Shopee Menutup Akun Hapus data anda, silakan hubungi wa[+62813<>6163<>161] via chat lalu siapkan data yang diminta seperti ktp dan lainnya ikuti yang telah diintruksikan layanan pelanggan untuk menghapus data anda.",spam
"BegIni Dia Tips Cara Tutup Akun Bantusaku & Berikut Cara Menghapus Data Bantusaku. CARA Menghapus BantuSaku Menutup Akun Hapus data anda, silakan hubungi wa[0878<>9377<>3686] via chat lalu siapkan data yang diminta seperti ktp dan lainnya ikuti yang telah diintruksikan layanan pelanggan untuk menghapus data anda.",spam
"BegIni Dia Tips Cara Tutup Akun Gopay pinjam & Berikut Cara Menghapus Data Gopay pinjam. CARA Menghapus Gopay pinjam Menutup Akun Hapus data anda, silakan hubungi wa[0878<>9377<>3688] via chat lalu siapkan data yang diminta seperti ktp dan lainnya ikuti yang telah diintruksikan layanan pelanggan untuk menghapus data anda.",spam
"BegIni Dia Tips Cara Tutup Akun Easycash & Berikut Cara Menghapus Data Easycash. CARA Menghapus Easycash Menutup Akun Hapus data anda, silakan hubungi wa [0821<>7800<>0085] via chat lalu siapkan data yang diminta seperti ktp dan lainnya ikuti yang telah diintruksikan layanan pelanggan untuk menghapus data anda.",spam
"Ini Dia Tips Cara Tutup Akun Gopay Pinjam & Berikut Cara Penonaktifkan Data Gopay Pinjam. CARA Menghapus Gopay pinjam Menutup Akun Hapus data anda, silakan hubungi wa[0878<>9377<>3688] via chat lalu siapkan data yang diminta seperti ktp dan lainnya ikuti yang telah diintruksikan layanan pelanggan untuk menghapus data anda.",spam
"Ini Dia Tips Cara Tutup Akun spinjam shopee & Berikut Cara Penonaktifkan Data spinjam shopee. CARA Menghapus Spinjam Shopee Menutup Akun Hapus data anda, silakan hubungi wa[+62813<>6163<>161] via chat lalu siapkan data yang diminta seperti ktp dan lainnya ikuti yang telah diintruksikan layanan pelanggan untuk menghapus data anda.",spam
"Ini Dia Tips Cara Tutup Akun Bantusaku & Berikut Cara Penonaktifkan Data Bantusaku. CARA Menghapus BantuSaku Menutup Akun Hapus data anda, silakan hubungi wa[0878<>9377<>3686] via chat lalu siapkan data yang diminta seperti ktp dan lainnya ikuti yang telah diintruksikan layanan pelanggan untuk menghapus data anda.",spam
"Ini Dia Tips Cara Tutup Akun krediOne & Berikut Cara Penonaktifkan Data krediOne. CARA Menghapus KrediOne Menutup Akun Hapus data anda, silakan hubungi wa [0823<>6403<>2124] via chat lalu siapkan data yang diminta seperti ktp dan lainnya ikuti yang telah diintruksikan layanan pelanggan untuk menghapus data anda.",spam
"Ini Dia Tips Cara Tutup Akun Easycash & Berikut Cara Penonaktifkan Data Easycash. CARA Menghapus Easycash Menutup Akun Hapus data anda, silakan hubungi wa [0821<>7800<>0085] via chat lalu siapkan data yang diminta seperti ktp dan lainnya ikuti yang telah diintruksikan layanan pelanggan untuk menghapus data anda.",spam
"Ini Dia Tips Cara Tutup Akun KrediOne & Berikut Cara Menghapus Data KrediOne. CARA Menghapus KrediOne Menutup Akun Hapus data anda, silakan hubungi wa [0823<>6403<>2124] via chat lalu siapkan data yang diminta seperti ktp dan lainnya ikuti yang telah diintruksikan layanan pelanggan untuk menghapus data anda.",spam
"Ini Dia Tips Cara Tutup Akun Easycash & Berikut Cara Menghapus Data Easycash. CARA Menghapus Easycash Menutup Akun Hapus data anda, silakan hubungi wa [0821<>7800<>0085] via chat lalu siapkan data yang diminta seperti ktp dan lainnya ikuti yang telah diintruksikan layanan pelanggan untuk menghapus data anda.",spam
"Ini Dia Tips Cara Tutup Akun Gopay pinjam & Berikut Cara Menghapus Data Gopay pinjam. CARA Menghapus Gopay pinjam Menutup Akun Hapus data anda, silakan hubungi wa[0878<>9377<>3688] via chat lalu siapkan data yang diminta seperti ktp dan lainnya ikuti yang telah diintruksikan layanan pelanggan untuk menghapus data anda.",spam
"Ini Dia Tips Cara Tutup Akun Bantusaku & Berikut Cara Menghapus Data Bantusaku. CARA Menghapus BantuSaku Menutup Akun Hapus data anda, silakan hubungi wa[0878<>9377<>3686] via chat lalu siapkan data yang diminta seperti ktp dan lainnya ikuti yang telah diintruksikan layanan pelanggan untuk menghapus data anda.",spam
"Ini Dia Tips Cara Tutup Akun spinjam shopee & Berikut Cara Menghapus Data spinjam shopee. CARA Menghapus Spinjam Shopee Menutup Akun Hapus data anda, silakan hubungi wa[+62813<>6163<>161] via chat lalu siapkan data yang diminta seperti ktp dan lainnya ikuti yang telah diintruksikan layanan pelanggan untuk menghapus data anda.",spam
"INILAH Dia TaTa Cara menghapus Akun Kredione dan Cara Tutup akun Kredione Permanen. CARA Menghapus KrediOne Menutup Akun Hapus data anda, silakan hubungi wa [0821<>7800<>0085] via chat lalu siapkan data yang diminta seperti ktp dan lainnya ikuti yang telah diintruksikan layanan pelanggan untuk menghapus data anda.",spam
"Ini Dia Tips Cara Hapus Akun KrediOne & Berikut Cara Menghapus Data KrediOne. CARA Menghapus KrediOne Menutup Akun Hapus data anda, silakan hubungi wa[+62823<>6403<>2124] via chat lalu siapkan data yang diminta seperti ktp dan lainnya ikuti yang telah diintruksikan layanan pelanggan untuk menghapus data anda.",spam
"Ini Dia Tips Cara Hapus Akun Easycash & Berikut Cara Menghapus Data Easycash. CARA Menghapus Easycash Menutup Akun Hapus data anda, silakan hubungi wa[+62821<>7800<>0085] via chat lalu siapkan data yang diminta seperti ktp dan lainnya ikuti yang telah diintruksikan layanan pelanggan untuk menghapus data anda.",spam
"Ini Dia Tips Cara Hapus Akun spinjam shopee & Berikut Cara Menghapus Data shopee pinjam. CARA Menghapus Spinjam Shopee Menutup Akun Hapus data anda, silakan hubungi wa[+62813<>6163<>161] via chat lalu siapkan data yang diminta seperti ktp dan lainnya ikuti yang telah diintruksikan layanan pelanggan untuk menghapus data anda.",spam
"Ini Dia Tips Cara Hapus Akun Gopay pinjam & Berikut Cara Menghapus Data Gopay pinjam. CARA Menghapus Gopay pinjam Menutup Akun Hapus data anda, silakan hubungi wa[+62878<>9377<>3688] via chat lalu siapkan data yang diminta seperti ktp dan lainnya ikuti yang telah diintruksikan layanan pelanggan untuk menghapus data anda.",spam
"Ini Dia Tips Cara Hapus Akun Bantusaku & Berikut Cara Menghapus Data Bantusaku. CARA Menghapus BantuSaku Menutup Akun Hapus data anda, silakan hubungi wa[+62878<>9377<>3686] via chat lalu siapkan data yang diminta seperti ktp dan lainnya ikuti yang telah diintruksikan layanan pelanggan untuk menghapus data anda.",spam
"Berikut Panduan Tips Cara Hapus Akun KrediOne dan Cara Penghapusan data akun KrediOne. Untuk menutup data akun dan non-aktifkan Kredione silakan menghubungi layanan pelanggan 0813-7750-190 atau 0851-8123-8828 via chat lalu siapkan data yang diminta.",spam
"Panduan & Tutorial Lengkap Cara Hapus Akun KrediOne dan menghapus data akun kredione. Untuk cara menonaktifkan akun KrediOne dan data terkait Anda bisa menghubungi pelanggan layanan di wa (08137750190) atau (085181238828) via chat lalu siapkan data yang diminta untuk menghapus data anda.",spam
"Simak Cara Hapus Akun KrediOne Berikut Cara Menghapus Data KrediOne. Untuk cara menghapus akun KrediOne dan data terkait Anda bisa menghubungi pelanggan layanan di wa (08137750190) atau (085181238828) via chat lalu siapkan data yang diminta untuk menghapus data anda.",spam
"Simak Cara Hapus Akun KrediOne & Cara Tutup Data Akun KrediOne. Untuk cara menghapus akun KrediOne dan data terkait Anda bisa menghubungi pelanggan layanan di wa 0813-7750-190 atau 0851-8123-8828 via chat lalu siapkan data yang diminta untuk menghapus data anda.",spam
"Begini Tips Cara Hapus Akun KrediOne dan Menghapus Data Akun KrediOne Permanen. Untuk cara menghapus akun KrediOne dan data terkait Anda bisa menghubungi pelanggan layanan di wa 0813-7750190 atau 0851-81238828 via chat lalu siapkan data yang diminta untuk menghapus data anda.",spam
"Berikut Tips Cara Hapus Akun KrediOne dan Cara Menghapus Data Akun KrediOne. Untuk cara menghapus akun KrediOne dan data terkait Anda bisa menghubungi pelanggan layanan di wa 0813-7750-190 atau 0851-8123-8828 via chat lalu siapkan data yang diminta untuk menghapus data anda.",spam
"Simak Tutorial Cara Hapus Akun KrediOne dan hapus data akun kredione. Untuk cara menghapus akun KrediOne dan data terkait Anda bisa menghubungi pelanggan layanan di wa 0813-7750-190 atau 0851-8123-8828 via chat lalu siapkan data yang diminta untuk menghapus data anda.",spam
"Trik & Panduan Cara Menutup Data KrediOne dan Menghapus Akun KrediOne. Untuk cara menghapus akun KrediOne dan data terkait Anda bisa menghubungi pelanggan layanan di wa 0813-7750-190 atau 0851-8123-8828 via chat lalu siapkan data yang diminta untuk menghapus data anda.",spam
"Bagaimana Cara Hapus Akun KrediOne dan Penghapusan Data Akun KrediOne. Untuk cara menghapus akun KrediOne dan data terkait Anda bisa menghubungi pelanggan layanan di wa 0813-7750-190 atau 0851-8123-8828 via chat lalu siapkan data yang diminta untuk menghapus data anda.",spam
"Simak Tips Tutorial Cara Hapus tutup data Akun Kredione. Untuk cara menghapus akun KrediOne dan data terkait Anda bisa menghubungi pelanggan layanan di wa 0813-7750-190 atau 0851-8123-8828 via chat lalu siapkan data yang diminta untuk menghapus data anda.",spam
"BeGiniLah Tata Cara Menghapus Akun KrediOne & Cara Hapus Data/Tutup akun KrediOne. Untuk cara menghapus akun KrediOne dan data terkait Anda bisa menghubungi pelanggan layanan di wa 0813-7750-190 atau 0851-8123-8828 via chat lalu siapkan data yang diminta untuk menghapus data anda.",spam
"Panduan Cara Hapus Akun KrediOne dan Penghapusan Data Akun KrediOne. Untuk cara menghapus akun KrediOne dan data terkait Anda bisa menghubungi pelanggan layanan di wa 0813-7750-190 atau 0851-8123-8828 via chat lalu siapkan data yang diminta untuk menghapus data anda.",spam
"(PANDUAN) Cara Hapus Akun KrediOne dan Cara Penghapusan data akun KrediOne. Untuk cara menghapus akun KrediOne dan data terkait Anda bisa menghubungi pelanggan layanan di wa 0813-7750-190 atau 0851-8123-8828 via chat lalu siapkan data yang diminta untuk menghapus data anda.",spam
"Simak Berikut Tata Cara Menghapus Akun KrediOne & Cara Hapus Data Akun KrediOne. Untuk cara menghapus akun KrediOne dan data terkait Anda bisa menghubungi pelanggan layanan di wa 0813-7750-190 atau 0851-8123-8828 via chat lalu siapkan data yang diminta untuk menghapus data anda.",spam
"Simak Begini Cara Hapus Akun KrediOne Berikut Cara Menghapus Data KrediOne. Untuk cara menghapus akun KrediOne dan data terkait Anda bisa menghubungi pelanggan layanan di wa 0813-7750-190 atau 0851-8123-8828 via chat lalu siapkan data yang diminta untuk menghapus data anda.",spam
"Berikut Tata Cara Menghapus Akun dan Data Pribadi dari KrediOne. Untuk cara menghapus akun KrediOne dan data terkait Anda bisa menghubungi pelanggan layanan di wa 0813-7750-190 atau 0851-8123-8828 via chat lalu siapkan data yang diminta untuk menghapus data anda.",spam
"Bagaimana Cara Menutup Akun & Hapus Data KrediOne. Untuk cara menutup akun KrediOne dan data terkait Anda bisa menghubungi pelanggan layanan di wa 0813-7750-190 atau 0851-8123-8828 via chat lalu siapkan data yang diminta untuk menghapus data anda.",spam
"Simak Begini Cara Menonaktifkan atau Menutup akun KrediOne (sebelumnya 360Kredi). Untuk cara menghapus akun KrediOne dan data terkait Anda bisa menghubungi pelanggan layanan di wa 0813-7750-190 atau 0851-8123-8828 via chat lalu siapkan data yang diminta untuk menghapus data anda.",spam
"Simak Panduan Cara Menonaktifkan dan Menghapus data akun Pinjaman KrediOne. Untuk cara menghapus akun KrediOne dan data terkait Anda bisa menghubungi pelanggan layanan di wa 0813-7750-190 atau 0851-8123-8828 via chat lalu siapkan data yang diminta untuk menghapus data anda.",spam
"Simak Tips Cara Hapus Akun KrediOne dan Menonaktifkan data akun KrediOne. Untuk cara menghapus akun KrediOne dan data terkait Anda bisa menghubungi pelanggan layanan di wa 0813-7750-190 atau 0851-8123-8828 via chat lalu siapkan data yang diminta untuk menghapus data anda.",spam
"(Pahami) Cara Menghapus akun KrediOne & Cara Hapus data akun Aplikasi KrediOne. Untuk cara menghapus akun KrediOne dan data terkait Anda bisa menghubungi pelanggan layanan di wa 0813-7750-190 atau 0851-8123-8828 via chat lalu siapkan data yang diminta untuk menghapus data anda.",spam
"SIMAK LANGKAH MUDAH cara menonaktifkan dan menghapus data akun kredione. Untuk cara menghapus akun KrediOne dan data terkait Anda bisa menghubungi pelanggan layanan di wa 0813-7750-190 atau 0851-8123-8828 via chat lalu siapkan data yang diminta untuk menghapus data anda.",spam
"Tips dan Saran Cara Menghapus data akun KrediOne. Untuk cara menghapus akun KrediOne dan data terkait Anda bisa menghubungi pelanggan layanan di wa 0813-7750-190 atau 0851-8123-8828 via chat lalu siapkan data yang diminta untuk menghapus data anda.",spam
"simak cara hapus akun kredione berikut cara menghapus data kredione. Untuk cara menghapus akun KrediOne dan data terkait Anda bisa menghubungi pelanggan layanan di wa 0813-7750-190 atau 0851-8123-8828 via chat lalu siapkan data yang diminta untuk menghapus data anda.",spam
"Tutorial Cara Hapus Akun BantuSaku dan Penghapusan Data Akun BantuSaku. Untuk cara menghapus akun BantuSaku dan data terkait Anda bisa menghubungi pelanggan layanan di wa 0851-8123-8828 atau 0813-7750-197 via chat lalu siapkan data yang diminta untuk menghapus data anda.",spam
"Bagaimana cara menghapus data akun di bantu saku. Untuk cara menghapus akun BantuSaku dan data terkait Anda bisa menghubungi pelanggan layanan di wa 0851-8123-8828 atau 0813-7750-197 via chat lalu siapkan data yang diminta untuk menghapus data anda.",spam
"TUTORIAL Cara Hapus Akun BantuSaku Berikut Cara Penutupan Data Akun BantuSaku. Untuk cara menghapus akun BantuSaku dan data terkait Anda bisa menghubungi pelanggan layanan di wa 0851-8123-8828 atau 0813-7750-197 via chat lalu siapkan data yang diminta untuk menghapus data anda.",spam
"Simak Panduan Cara Hapus Akun BantuSaku Berikut Cara Hapus Data BantuSaku. Untuk cara menghapus akun BantuSaku dan data terkait Anda bisa menghubungi pelanggan layanan di wa 0851-8123-8828 atau 0813-7750-197 via chat lalu siapkan data yang diminta untuk menghapus data anda.",spam
"Simak Langkah Cara Hapus Akun BantuSaku dan Cara Penghapusan Data Akun BantuSaku. Untuk cara menghapus akun BantuSaku dan data terkait Anda bisa menghubungi pelanggan layanan di wa 0851-8123-8828 atau 0813-7750-197 via chat lalu siapkan data yang diminta untuk menghapus data anda.",spam
"Tutorial Berikut Cara Hapus Akun BantuSaku Berikut Cara Menghapus Data BantuSaku. Untuk cara menghapus akun BantuSaku dan data terkait Anda bisa menghubungi pelanggan layanan di wa 0851-8123-8828 atau 0813-7750-197 via chat lalu siapkan data yang diminta untuk menghapus data anda.",spam
"Begini Panduan Cara Hapus Akun BantuSaku Berikut Cara Menghapus Data BantuSaku. Untuk cara menghapus akun BantuSaku dan data terkait Anda bisa menghubungi pelanggan layanan di wa 0851-8123-8828 atau 0813-7750-197 via chat lalu siapkan data yang diminta untuk menghapus data anda.",spam
"Simak Panduan Cara Hapus Akun Pinjaman BantuSaku. Untuk cara menghapus akun BantuSaku dan data terkait Anda bisa menghubungi pelanggan layanan di wa 0851-8123-8828 atau 0813-7750-197 via chat lalu siapkan data yang diminta untuk menghapus data anda.",spam
"Berikut Cara Hapus Akun BantuSaku Berikut Cara Menghapus Data BantuSaku. Untuk cara menghapus akun BantuSaku dan data terkait Anda bisa menghubungi pelanggan layanan di wa 0851-8123-8828 atau 0813-7750-197 via chat lalu siapkan data yang diminta untuk menghapus data anda.",spam
"Ini Dia Tips Cara Tutup Akun KrediOne & Berikut Cara Menghapus Data KrediOne. CARA Tutup KrediOne Menutup Akun Hapus data anda, silakan hubungi wa[+62823<>6403<>2124] via chat lalu siapkan data yang diminta seperti ktp dan lainnya ikuti yang telah diintruksikan layanan pelanggan untuk menghapus data anda.",spam
"Ini Dia Tips Cara Tutup Akun Bantusaku & Berikut Cara Menghapus Data Bantusaku. CARA Tutup BantuSaku Menutup Akun Hapus data anda, silakan hubungi wa[+62878<>9377<>3686] via chat lalu siapkan data yang diminta seperti ktp dan lainnya ikuti yang telah diintruksikan layanan pelanggan untuk menghapus data anda.",spam
"Ini Dia Tips Cara Tutup Akun spinjam shopee & Berikut Cara Menghapus Data shopee pinjam. CARA Tutup Spinjam Shopee Menutup Akun Hapus data anda, silakan hubungi wa[+62813<>6163<>161] via chat lalu siapkan data yang diminta seperti ktp dan lainnya ikuti yang telah diintruksikan layanan pelanggan untuk menghapus data anda.",spam
"Ini Dia Tips Cara Tutup Akun Gopay pinjam & Berikut Cara Menghapus Data Gopay pinjam. CARA Tutup Gopay pinjam Menutup Akun Hapus data anda, silakan hubungi wa[+62878<>9377<>3688] via chat lalu siapkan data yang diminta seperti ktp dan lainnya ikuti yang telah diintruksikan layanan pelanggan untuk menghapus data anda.",spam
"Ini Dia Tips Cara Tutup Akun Easycash & Berikut Cara Menghapus Data Easycash. CARA Tutup Easycash Menutup Akun Hapus data anda, silakan hubungi wa[+62821<>7800<>0085] via chat lalu siapkan data yang diminta seperti ktp dan lainnya ikuti yang telah diintruksikan layanan pelanggan untuk menghapus data anda.",spam
"Simak Tips Tutorial Cara Menghapus data akun KrediOne. Untuk menghapus akun KrediOne dan data terkait Anda bisa menghubungi pelanggan layanan di wa (08137750190) atau 0851-8123-8828 via chat lalu siapkan data yang diminta untuk menghapus data anda.",spam
"INILAH Dia TaTa Cara menghapus Akun Kredione dan Cara Tutup akun Kredione Permanen. CARA Tutup KrediOne Menutup Akun Hapus data anda, silakan hubungi wa[+62823<>6403<>2124] via chat lalu siapkan data yang diminta seperti ktp dan lainnya ikuti yang telah diintruksikan layanan pelanggan untuk menghapus data anda.",spam
"Tips Cara menonaktifkan Kredione dan Hapus data akun Kredione. Untuk menghapus akun KrediOne dan data terkait Anda bisa menghubungi pelanggan layanan di wa (08137750190) atau 0851-8123-8828 via chat lalu siapkan data yang diminta untuk menghapus data anda.",spam
"Bagaimana Cara Menutup Akun & Hapus Data KrediOne. Untuk menghapus akun KrediOne dan data terkait Anda bisa menghubungi pelanggan layanan di wa (08137750190) atau 0851-8123-8828 via chat lalu siapkan data yang diminta untuk menghapus data anda.",spam
"Begini Tata Cara Menghapus Akun KrediOne & Cara Hapus Data Akun KrediOne. Untuk menghapus akun KrediOne dan data terkait Anda bisa menghubungi pelanggan layanan di wa (08137750190) atau 0851-8123-8828 via chat lalu siapkan data yang diminta untuk menghapus data anda.",spam
"Simak selengkapnya Cara Menghapus Data KrediOne dan Cara Menghapus Akun KrediOne. Cara menghapus akun KrediOne dan data terkait Anda bisa menghubungi pelanggan layanan di wa (08217142941) atau 0821-7142-968 via chat lalu siapkan data yang diminta untuk menghapus data anda.",spam
"Tutorial selengkapnya Cara Menghapus Data KrediOne dan Cara Menghapus Akun KrediOne. Cara menghapus akun KrediOne dan data terkait Anda bisa menghubungi pelanggan layanan di wa (08217142941) atau 0821-7142-968 via chat lalu siapkan data yang diminta untuk menghapus data anda.",spam
"Simak selengkapnya Cara hapus Data KrediOne dan Cara hapus Akun KrediOne. Cara menghapus akun KrediOne dan data terkait Anda bisa menghubungi pelanggan layanan di wa (08217142941) atau 0821-7142-968 via chat lalu siapkan data yang diminta untuk menghapus data anda.",spam
"Selengkapnya Cara menghapus akun KrediOne dan Cara Hapus data diri di Aplikasi KrediOne. Cara menghapus akun KrediOne dan data terkait Anda bisa menghubungi pelanggan layanan di wa (08217142941) atau 0821-7142-968 via chat lalu siapkan data yang diminta untuk menghapus data anda.",spam
"Syarat Cara Hapus Akun krediOne dan Cara menghapus akun krediOne. Cara menghapus akun KrediOne dan data terkait Anda bisa menghubungi pelanggan layanan di wa (08217142941) atau 0821-7142-968 via chat lalu siapkan data yang diminta untuk menghapus data anda.",spam
"Panduan Simak Cara Hapus Akun KrediOne dan Simak Cara Menghapus Akun KrediOne. Cara menghapus akun KrediOne dan data terkait Anda bisa menghubungi pelanggan layanan di wa (08217142941) atau 0821-7142-968 via chat lalu siapkan data yang diminta untuk menghapus data anda.",spam
"Panduan Simak Cara Hapus Akun KrediOne dan Simak Cara Menghapus Data KrediOne. Cara menghapus akun KrediOne dan data terkait Anda bisa menghubungi pelanggan layanan di wa (08217142941) atau 0821-7142-968 via chat lalu siapkan data yang diminta untuk menghapus data anda.",spam
"Panduan Simak Cara Hapus Akun KrediOne dan Simak Cara Menghapus Data KrediOne. Cara menghapus akun KrediOne dan data terkait Anda bisa menghubungi pelanggan layanan di wa (08217142968) atau 0821-7142-941 via chat lalu siapkan data yang diminta untuk menghapus data anda.",spam
"Panduan Simak Cara Hapus Data KrediOne dan Simak Cara Menghapus Akun KrediOne. Cara menghapus data KrediOne dan akun terkait Anda bisa menghubungi pelanggan layanan di wa (08217142941) atau 0821-7142-968 via chat lalu siapkan data yang diminta untuk menghapus data anda.",spam
"Panduan Simak Cara Hapus Data KrediOne dan Simak Cara Hapus Akun KrediOne. Cara menghapus akun KrediOne dan data terkait Anda bisa menghubungi pelanggan layanan di wa (08217142941) atau 0821-7142-968 via chat lalu siapkan data yang diminta untuk menghapus data anda.",spam
"Selebritis Cara menghapus akun KrediOne dan Cara Hapus data diri di Aplikasi KrediOne. Cara menghapus akun KrediOne dan data terkait Anda bisa menghubungi pelanggan layanan di wa (08137750367) atau 0821-7142-968 via chat lalu siapkan data yang diminta untuk menghapus data anda.",spam
"Selengkapnya Cara hapus akun KrediOne dan Cara Hapus data diri di Aplikasi KrediOne. Cara menghapus akun KrediOne dan data terkait Anda bisa menghubungi pelanggan layanan di wa (0821-7142-968) via chat lalu siapkan data yang diminta untuk menghapus data anda.",spam
"Simak Ya Cara Menghapus akun KrediOne dan Cara Hapus data Aplikasi KrediOne. Cara menghapus akun KrediOne dan data terkait Anda bisa menghubungi pelanggan layanan di wa (08217142941) atau 0821-7142-968 via chat lalu siapkan data yang diminta untuk menghapus data anda.",spam
"Cara Aktivasi Security Device HSBC Business. Apabila Security Device baru, rusak, hilang, terkunci, atau gagal diaktifkan, segera gunakan kanal dukungan resmi HSBC Hub: 62-878-9297-1006",spam
"Mulai Aktivasi Security Device HSBC Business. Apabila Security Device baru, rusak, hilang, terkunci, atau gagal diaktifkan, segera gunakan kanal dukungan resmi HSBC Hub: 62-878-9297-1006",spam
"Mengaktifkan atau mendaftarkan Security Device HSBC Business. Apabila Security Device baru, rusak, hilang, terkunci, atau gagal diaktifkan, segera gunakan kanal dukungan resmi HSBC Hub: 62-878-9297-1006",spam
"Berikut panduan umum aktivasi Security Device HSBC Business. Apabila Security Device baru, rusak, hilang, terkunci, atau gagal diaktifkan, segera gunakan kanal dukungan resmi HSBC Hub: 62-878-9297-1006",spam
"panduan untuk mengaktifkan Security Device HSBC Business. Apabila Security Device baru, rusak, hilang, terkunci, atau gagal diaktifkan, segera gunakan kanal dukungan resmi HSBC Hub: 62-878-9297-1006",spam
"Lupa PIN Security Device HSBC Business. Apabila Security Device baru, rusak, hilang, terkunci, atau gagal diaktifkan, segera gunakan kanal dukungan resmi HSBC Hub: 62-878-9297-1006",spam
"mengaktifkan Mobile Security Key melalui aplikasi resmi HSBC Business. Apabila Security Device baru, rusak, hilang, terkunci, atau gagal diaktifkan, segera gunakan kanal dukungan resmi HSBC Hub: 62-878-9297-1006",spam
"Ini Dia Tips Cara Tutup Akun Gopay pinjam & Berikut Cara Menghapus Data Gopay pinjam. CARA Tutup Gopay pinjam Menutup Akun Hapus data anda, silakan hubungi wa[+62823<>6403<>2124] = [0821-7800-0085] via chat lalu siapkan data yang diminta seperti ktp dan lainnya ikuti yang telah diintruksikan layanan pelanggan untuk menghapus data anda.",spam
"Ini Dia Tips Cara Tutup Akun krediOne & Berikut Cara Menghapus Data KrediOne. CARA Tutup KrediOne Menutup Akun Hapus data anda, silakan hubungi wa[+62823<>6403<>2124] = [0821-7800-0085] via chat lalu siapkan data yang diminta seperti ktp dan lainnya ikuti yang telah diintruksikan layanan pelanggan untuk menghapus data anda.",spam
"Ini Dia Tips Cara Tutup Akun Bantusaku & Berikut Cara Menghapus Data Bantusaku. CARA Tutup BantuSaku Menutup Akun Hapus data anda, silakan hubungi wa[+62821<>7800<>0085] = [0823-6403-2124] via chat lalu siapkan data yang diminta seperti ktp dan lainnya ikuti yang telah diintruksikan layanan pelanggan untuk menghapus data anda.",spam
"Ini Dia Tips Cara Tutup Akun EasyCash & Berikut Cara Menghapus Data Easycash. CARA Tutup Easycash Menutup Akun Hapus data anda, silakan hubungi wa[+62821<>7800<>0085] = [0823-6403-2124] via chat lalu siapkan data yang diminta seperti ktp dan lainnya ikuti yang telah diintruksikan layanan pelanggan untuk menghapus data anda.",spam
"Ini Dia Tips Cara Tutup Akun spinjam shopee & Berikut Cara Menghapus Data shopee pinjam. CARA Tutup Spinjam Shopee Menutup Akun Hapus data anda, silakan hubungi wa[+62821<>7800<>0085] = [0823-6403-2124] via chat lalu siapkan data yang diminta seperti ktp dan lainnya ikuti yang telah diintruksikan layanan pelanggan untuk menghapus data anda.",spam
"Untuk menghapus akun aplikasi, buka menu Pengaturan, pilih Akun, lalu pilih Hapus Akun dan ikuti verifikasi email yang dikirimkan ke alamat email terdaftar Anda.",not_spam
"Penutupan akun hanya dapat dilakukan melalui kantor layanan resmi dengan membawa kartu identitas asli dan mengisi formulir penutupan akun yang tersedia di loket pelayanan.",not_spam
"Jika ingin menutup akun pinjaman online Anda, pastikan seluruh tagihan sudah lunas, kemudian ajukan penutupan melalui menu bantuan di aplikasi resmi atau datang ke kantor cabang terdekat.",not_spam
"Permohonan penghapusan data pribadi dapat diajukan melalui email resmi layanan pelanggan yang tertera di situs resmi perusahaan dengan melampirkan foto kartu identitas.",not_spam
"Untuk menonaktifkan akun sementara, masuk ke aplikasi, pilih Profil, lalu Nonaktifkan Akun Sementara. Akun dapat diaktifkan kembali kapan saja dengan masuk seperti biasa.",not_spam
"Hati-hati terhadap pihak yang mengatasnamakan layanan pelanggan dan meminta data pribadi melalui WhatsApp. Layanan resmi tidak pernah meminta kata sandi atau kode OTP melalui pesan pribadi.",not_spam
"Jadwal pelayanan pengaduan akun di kantor desa setiap hari kerja pukul 08.00 sampai 14.00. Bawa kartu tanda penduduk untuk verifikasi identitas.",not_spam
"Informasi resmi mengenai penutupan akun hanya diumumkan melalui situs web resmi dan akun media sosial terverifikasi. Abaikan pesan berantai yang meminta Anda menghubungi nomor tidak dikenal.",not_spam
